# Urinal mesh for Mini Bathroom Pack
# Units: metres; Y up; front faces +Z
o _Urinal
s 1
v 0.0000000 1.0400000 0.0750000
v 0.0397560 1.0358935 0.0750000
v 0.0785094 1.0236444 0.0750000
v 0.1152969 1.0034622 0.0750000
v 0.1492310 0.9756922 0.0750000
v 0.1795333 0.9408096 0.0750000
v 0.2055608 0.8994113 0.0750000
v 0.2268257 0.8522055 0.0750000
v 0.2430067 0.8000000 0.0750000
v 0.2539513 0.7436880 0.0750000
v 0.2596702 0.6842331 0.0750000
v 0.2603234 0.6226526 0.0750000
v 0.2562000 0.5600000 0.0750000
v 0.2476930 0.4973474 0.0750000
v 0.2352702 0.4357669 0.0750000
v 0.2194445 0.3763120 0.0750000
v 0.2007447 0.3200000 0.0750000
v 0.1796885 0.2677945 0.0750000
v 0.1567608 0.2205887 0.0750000
v 0.1323961 0.1791904 0.0750000
v 0.1069690 0.1443078 0.0750000
v 0.0807901 0.1165378 0.0750000
v 0.0541094 0.0963556 0.0750000
v 0.0271256 0.0841065 0.0750000
v 0.0000000 0.0800000 0.0750000
v -0.0271256 0.0841065 0.0750000
v -0.0541094 0.0963556 0.0750000
v -0.0807901 0.1165378 0.0750000
v -0.1069690 0.1443078 0.0750000
v -0.1323961 0.1791904 0.0750000
v -0.1567608 0.2205887 0.0750000
v -0.1796885 0.2677945 0.0750000
v -0.2007447 0.3200000 0.0750000
v -0.2194445 0.3763120 0.0750000
v -0.2352702 0.4357669 0.0750000
v -0.2476930 0.4973474 0.0750000
v -0.2562000 0.5600000 0.0750000
v -0.2603234 0.6226526 0.0750000
v -0.2596702 0.6842331 0.0750000
v -0.2539513 0.7436880 0.0750000
v -0.2430067 0.8000000 0.0750000
v -0.2268257 0.8522055 0.0750000
v -0.2055608 0.8994113 0.0750000
v -0.1795333 0.9408096 0.0750000
v -0.1492310 0.9756922 0.0750000
v -0.1152969 1.0034622 0.0750000
v -0.0785094 1.0236444 0.0750000
v -0.0397560 1.0358935 0.0750000
v 0.0000000 1.0400000 0.0250000
v 0.0397560 1.0358935 0.0250000
v 0.0785094 1.0236444 0.0250000
v 0.1152969 1.0034622 0.0250000
v 0.1492310 0.9756922 0.0250000
v 0.1795333 0.9408096 0.0250000
v 0.2055608 0.8994113 0.0250000
v 0.2268257 0.8522055 0.0250000
v 0.2430067 0.8000000 0.0250000
v 0.2539513 0.7436880 0.0250000
v 0.2596702 0.6842331 0.0250000
v 0.2603234 0.6226526 0.0250000
v 0.2562000 0.5600000 0.0250000
v 0.2476930 0.4973474 0.0250000
v 0.2352702 0.4357669 0.0250000
v 0.2194445 0.3763120 0.0250000
v 0.2007447 0.3200000 0.0250000
v 0.1796885 0.2677945 0.0250000
v 0.1567608 0.2205887 0.0250000
v 0.1323961 0.1791904 0.0250000
v 0.1069690 0.1443078 0.0250000
v 0.0807901 0.1165378 0.0250000
v 0.0541094 0.0963556 0.0250000
v 0.0271256 0.0841065 0.0250000
v 0.0000000 0.0800000 0.0250000
v -0.0271256 0.0841065 0.0250000
v -0.0541094 0.0963556 0.0250000
v -0.0807901 0.1165378 0.0250000
v -0.1069690 0.1443078 0.0250000
v -0.1323961 0.1791904 0.0250000
v -0.1567608 0.2205887 0.0250000
v -0.1796885 0.2677945 0.0250000
v -0.2007447 0.3200000 0.0250000
v -0.2194445 0.3763120 0.0250000
v -0.2352702 0.4357669 0.0250000
v -0.2476930 0.4973474 0.0250000
v -0.2562000 0.5600000 0.0250000
v -0.2603234 0.6226526 0.0250000
v -0.2596702 0.6842331 0.0250000
v -0.2539513 0.7436880 0.0250000
v -0.2430067 0.8000000 0.0250000
v -0.2268257 0.8522055 0.0250000
v -0.2055608 0.8994113 0.0250000
v -0.1795333 0.9408096 0.0250000
v -0.1492310 0.9756922 0.0250000
v -0.1152969 1.0034622 0.0250000
v -0.0785094 1.0236444 0.0250000
v -0.0397560 1.0358935 0.0250000
v 0.0000000 0.5600000 0.0750000
v 0.0000000 0.5600000 0.0250000
v 0.0000000 0.8830000 0.2450000
v 0.0000000 0.8400000 0.2330000
v 0.0000000 0.8551600 0.0720000
v 0.0286210 0.8813243 0.2464290
v 0.0243083 0.8385313 0.2344290
v 0.0246141 0.8536183 0.0720000
v 0.0569664 0.8763133 0.2483499
v 0.0483824 0.8341395 0.2363499
v 0.0489911 0.8490082 0.0720000
v 0.0847631 0.8680152 0.2507440
v 0.0719906 0.8268668 0.2387440
v 0.0728963 0.8413740 0.0720000
v 0.1117436 0.8565101 0.2535885
v 0.0949055 0.8167833 0.2415885
v 0.0960995 0.8307893 0.0720000
v 0.1376478 0.8419086 0.2568559
v 0.1169064 0.8039860 0.2448559
v 0.1183771 0.8173559 0.0720000
v 0.1622265 0.8243514 0.2605147
v 0.1377814 0.7885982 0.2485147
v 0.1395148 0.8012033 0.0720000
v 0.1852428 0.8040076 0.2645297
v 0.1573295 0.7707682 0.2525297
v 0.1593088 0.7824870 0.0720000
v 0.2064752 0.7810732 0.2688622
v 0.1753625 0.7506676 0.2568622
v 0.1775687 0.7613873 0.0720000
v 0.2257191 0.7557689 0.2734705
v 0.1917066 0.7284900 0.2614705
v 0.1941184 0.7381074 0.0720000
v 0.2427891 0.7283384 0.2783102
v 0.2062045 0.7044489 0.2663102
v 0.2087986 0.7128714 0.0720000
v 0.2575210 0.6990461 0.2833347
v 0.2187165 0.6787760 0.2713347
v 0.2214681 0.6859224 0.0720000
v 0.2697728 0.6681738 0.2884957
v 0.2291221 0.6517184 0.2764957
v 0.2320046 0.6575199 0.0720000
v 0.2794266 0.6360191 0.2937433
v 0.2373212 0.6235368 0.2817433
v 0.2403069 0.6279375 0.0720000
v 0.2863893 0.6028914 0.2990272
v 0.2432347 0.5945025 0.2870272
v 0.2462948 0.5974601 0.0720000
v 0.2905939 0.5691100 0.3042963
v 0.2468058 0.5648952 0.2922963
v 0.2499108 0.5663812 0.0720000
v 0.2920000 0.5350000 0.3095000
v 0.2480000 0.5350000 0.2975000
v 0.2511200 0.5350000 0.0720000
v 0.2905939 0.5008900 0.3145881
v 0.2468058 0.5051048 0.3025881
v 0.2499108 0.5036188 0.0720000
v 0.2863893 0.4671086 0.3195117
v 0.2432347 0.4754975 0.3075117
v 0.2462948 0.4725399 0.0720000
v 0.2794266 0.4339809 0.3242232
v 0.2373212 0.4464632 0.3122232
v 0.2403069 0.4420625 0.0720000
v 0.2697728 0.4018262 0.3286774
v 0.2291221 0.4182816 0.3166774
v 0.2320046 0.4124801 0.0720000
v 0.2575210 0.3709539 0.3328314
v 0.2187165 0.3912240 0.3208314
v 0.2214681 0.3840776 0.0720000
v 0.2427891 0.3416616 0.3366451
v 0.2062045 0.3655511 0.3246451
v 0.2087986 0.3571286 0.0720000
v 0.2257191 0.3142311 0.3400818
v 0.1917066 0.3415100 0.3280818
v 0.1941184 0.3318926 0.0720000
v 0.2064752 0.2889268 0.3431084
v 0.1753625 0.3193324 0.3311084
v 0.1775687 0.3086127 0.0720000
v 0.1852428 0.2659924 0.3456958
v 0.1573295 0.2992318 0.3336958
v 0.1593088 0.2875130 0.0720000
v 0.1622265 0.2456486 0.3478190
v 0.1377814 0.2814018 0.3358190
v 0.1395148 0.2687967 0.0720000
v 0.1376478 0.2280914 0.3494576
v 0.1169064 0.2660140 0.3374576
v 0.1183771 0.2526441 0.0720000
v 0.1117436 0.2134899 0.3505959
v 0.0949055 0.2532167 0.3385959
v 0.0960995 0.2392107 0.0720000
v 0.0847631 0.2019848 0.3512228
v 0.0719906 0.2431332 0.3392228
v 0.0728963 0.2286260 0.0720000
v 0.0569664 0.1936867 0.3513323
v 0.0483824 0.2358605 0.3393323
v 0.0489911 0.2209918 0.0720000
v 0.0286210 0.1886757 0.3509234
v 0.0243083 0.2314687 0.3389234
v 0.0246141 0.2163817 0.0720000
v 0.0000000 0.1870000 0.3500000
v 0.0000000 0.2300000 0.3380000
v 0.0000000 0.2148400 0.0720000
v -0.0286210 0.1886757 0.3509234
v -0.0243083 0.2314687 0.3389234
v -0.0246141 0.2163817 0.0720000
v -0.0569664 0.1936867 0.3513323
v -0.0483824 0.2358605 0.3393323
v -0.0489911 0.2209918 0.0720000
v -0.0847631 0.2019848 0.3512228
v -0.0719906 0.2431332 0.3392228
v -0.0728963 0.2286260 0.0720000
v -0.1117436 0.2134899 0.3505959
v -0.0949055 0.2532167 0.3385959
v -0.0960995 0.2392107 0.0720000
v -0.1376478 0.2280914 0.3494576
v -0.1169064 0.2660140 0.3374576
v -0.1183771 0.2526441 0.0720000
v -0.1622265 0.2456486 0.3478190
v -0.1377814 0.2814018 0.3358190
v -0.1395148 0.2687967 0.0720000
v -0.1852428 0.2659924 0.3456958
v -0.1573295 0.2992318 0.3336958
v -0.1593088 0.2875130 0.0720000
v -0.2064752 0.2889268 0.3431084
v -0.1753625 0.3193324 0.3311084
v -0.1775687 0.3086127 0.0720000
v -0.2257191 0.3142311 0.3400818
v -0.1917066 0.3415100 0.3280818
v -0.1941184 0.3318926 0.0720000
v -0.2427891 0.3416616 0.3366451
v -0.2062045 0.3655511 0.3246451
v -0.2087986 0.3571286 0.0720000
v -0.2575210 0.3709539 0.3328314
v -0.2187165 0.3912240 0.3208314
v -0.2214681 0.3840776 0.0720000
v -0.2697728 0.4018262 0.3286774
v -0.2291221 0.4182816 0.3166774
v -0.2320046 0.4124801 0.0720000
v -0.2794266 0.4339809 0.3242232
v -0.2373212 0.4464632 0.3122232
v -0.2403069 0.4420625 0.0720000
v -0.2863893 0.4671086 0.3195117
v -0.2432347 0.4754975 0.3075117
v -0.2462948 0.4725399 0.0720000
v -0.2905939 0.5008900 0.3145881
v -0.2468058 0.5051048 0.3025881
v -0.2499108 0.5036188 0.0720000
v -0.2920000 0.5350000 0.3095000
v -0.2480000 0.5350000 0.2975000
v -0.2511200 0.5350000 0.0720000
v -0.2905939 0.5691100 0.3042963
v -0.2468058 0.5648952 0.2922963
v -0.2499108 0.5663812 0.0720000
v -0.2863893 0.6028914 0.2990272
v -0.2432347 0.5945025 0.2870272
v -0.2462948 0.5974601 0.0720000
v -0.2794266 0.6360191 0.2937433
v -0.2373212 0.6235368 0.2817433
v -0.2403069 0.6279375 0.0720000
v -0.2697728 0.6681738 0.2884957
v -0.2291221 0.6517184 0.2764957
v -0.2320046 0.6575199 0.0720000
v -0.2575210 0.6990461 0.2833347
v -0.2187165 0.6787760 0.2713347
v -0.2214681 0.6859224 0.0720000
v -0.2427891 0.7283384 0.2783102
v -0.2062045 0.7044489 0.2663102
v -0.2087986 0.7128714 0.0720000
v -0.2257191 0.7557689 0.2734705
v -0.1917066 0.7284900 0.2614705
v -0.1941184 0.7381074 0.0720000
v -0.2064752 0.7810732 0.2688622
v -0.1753625 0.7506676 0.2568622
v -0.1775687 0.7613873 0.0720000
v -0.1852428 0.8040076 0.2645297
v -0.1573295 0.7707682 0.2525297
v -0.1593088 0.7824870 0.0720000
v -0.1622265 0.8243514 0.2605147
v -0.1377814 0.7885982 0.2485147
v -0.1395148 0.8012033 0.0720000
v -0.1376478 0.8419086 0.2568559
v -0.1169064 0.8039860 0.2448559
v -0.1183771 0.8173559 0.0720000
v -0.1117436 0.8565101 0.2535885
v -0.0949055 0.8167833 0.2415885
v -0.0960995 0.8307893 0.0720000
v -0.0847631 0.8680152 0.2507440
v -0.0719906 0.8268668 0.2387440
v -0.0728963 0.8413740 0.0720000
v -0.0569664 0.8763133 0.2483499
v -0.0483824 0.8341395 0.2363499
v -0.0489911 0.8490082 0.0720000
v -0.0286210 0.8813243 0.2464290
v -0.0243083 0.8385313 0.2344290
v -0.0246141 0.8536183 0.0720000
v 0.0000000 0.8031000 0.2142048
v 0.0226472 0.8017317 0.2155362
v 0.0450763 0.7976400 0.2173258
v 0.0670712 0.7908642 0.2195564
v 0.0884203 0.7814697 0.2222065
v 0.1089178 0.7695469 0.2252506
v 0.1283664 0.7552107 0.2286594
v 0.1465787 0.7385990 0.2324000
v 0.1633794 0.7198720 0.2364364
v 0.1786066 0.6992098 0.2407298
v 0.1921138 0.6768116 0.2452388
v 0.2037708 0.6528930 0.2499200
v 0.2134654 0.6276844 0.2547283
v 0.2211043 0.6014285 0.2596174
v 0.2266137 0.5743782 0.2645402
v 0.2299407 0.5467941 0.2694492
v 0.2310533 0.5189417 0.2742973
v 0.2299407 0.4910893 0.2790378
v 0.2266137 0.4635051 0.2836249
v 0.2211043 0.4364549 0.2880145
v 0.2134654 0.4101990 0.2921643
v 0.2037708 0.3849904 0.2960344
v 0.1921138 0.3610718 0.2995875
v 0.1786066 0.3386735 0.3027894
v 0.1633794 0.3180114 0.3056092
v 0.1465787 0.2992843 0.3080197
v 0.1283664 0.2826726 0.3099979
v 0.1089178 0.2683364 0.3115245
v 0.0884203 0.2564136 0.3125850
v 0.0670712 0.2470191 0.3131691
v 0.0450763 0.2402434 0.3132711
v 0.0226472 0.2361516 0.3128901
v 0.0000000 0.2347833 0.3120298
v -0.0226472 0.2361516 0.3128901
v -0.0450763 0.2402434 0.3132711
v -0.0670712 0.2470191 0.3131691
v -0.0884203 0.2564136 0.3125850
v -0.1089178 0.2683364 0.3115245
v -0.1283664 0.2826726 0.3099979
v -0.1465787 0.2992843 0.3080197
v -0.1633794 0.3180114 0.3056092
v -0.1786066 0.3386735 0.3027894
v -0.1921138 0.3610718 0.2995875
v -0.2037708 0.3849904 0.2960344
v -0.2134654 0.4101990 0.2921643
v -0.2211043 0.4364549 0.2880145
v -0.2266137 0.4635051 0.2836249
v -0.2299407 0.4910893 0.2790378
v -0.2310533 0.5189417 0.2742973
v -0.2299407 0.5467941 0.2694492
v -0.2266137 0.5743782 0.2645402
v -0.2211043 0.6014285 0.2596174
v -0.2134654 0.6276844 0.2547283
v -0.2037708 0.6528930 0.2499200
v -0.1921138 0.6768116 0.2452388
v -0.1786066 0.6992098 0.2407298
v -0.1633794 0.7198720 0.2364364
v -0.1465787 0.7385990 0.2324000
v -0.1283664 0.7552107 0.2286594
v -0.1089178 0.7695469 0.2252506
v -0.0884203 0.7814697 0.2222065
v -0.0670712 0.7908642 0.2195564
v -0.0450763 0.7976400 0.2173258
v -0.0226472 0.8017317 0.2155362
v 0.0000000 0.7662000 0.1959965
v 0.0209861 0.7649321 0.1972302
v 0.0417701 0.7611404 0.1988885
v 0.0621519 0.7548617 0.2009555
v 0.0819351 0.7461562 0.2034112
v 0.1009292 0.7351079 0.2062321
v 0.1189513 0.7218231 0.2093908
v 0.1358278 0.7064299 0.2128571
v 0.1513963 0.6890763 0.2165975
v 0.1655067 0.6699297 0.2205760
v 0.1780232 0.6491742 0.2247543
v 0.1888252 0.6270100 0.2290921
v 0.1978088 0.6036503 0.2335478
v 0.2048873 0.5793201 0.2380782
v 0.2099927 0.5542539 0.2426400
v 0.2130757 0.5286929 0.2471890
v 0.2141067 0.5028833 0.2516815
v 0.2130757 0.4770738 0.2560742
v 0.2099927 0.4515128 0.2603249
v 0.2048873 0.4264465 0.2643925
v 0.1978088 0.4021164 0.2682380
v 0.1888252 0.3787567 0.2718242
v 0.1780232 0.3565924 0.2751167
v 0.1655067 0.3358370 0.2780837
v 0.1513963 0.3166903 0.2806967
v 0.1358278 0.2993368 0.2829305
v 0.1189513 0.2839435 0.2847636
v 0.1009292 0.2706588 0.2861782
v 0.0819351 0.2596105 0.2871609
v 0.0621519 0.2509050 0.2877022
v 0.0417701 0.2446262 0.2877967
v 0.0209861 0.2408346 0.2874437
v 0.0000000 0.2395667 0.2866465
v -0.0209861 0.2408346 0.2874437
v -0.0417701 0.2446262 0.2877967
v -0.0621519 0.2509050 0.2877022
v -0.0819351 0.2596105 0.2871609
v -0.1009292 0.2706588 0.2861782
v -0.1189513 0.2839435 0.2847636
v -0.1358278 0.2993368 0.2829305
v -0.1513963 0.3166903 0.2806967
v -0.1655067 0.3358370 0.2780837
v -0.1780232 0.3565924 0.2751167
v -0.1888252 0.3787567 0.2718242
v -0.1978088 0.4021164 0.2682380
v -0.2048873 0.4264465 0.2643925
v -0.2099927 0.4515128 0.2603249
v -0.2130757 0.4770738 0.2560742
v -0.2141067 0.5028833 0.2516815
v -0.2130757 0.5286929 0.2471890
v -0.2099927 0.5542539 0.2426400
v -0.2048873 0.5793201 0.2380782
v -0.1978088 0.6036503 0.2335478
v -0.1888252 0.6270100 0.2290921
v -0.1780232 0.6491742 0.2247543
v -0.1655067 0.6699297 0.2205760
v -0.1513963 0.6890763 0.2165975
v -0.1358278 0.7064299 0.2128571
v -0.1189513 0.7218231 0.2093908
v -0.1009292 0.7351079 0.2062321
v -0.0819351 0.7461562 0.2034112
v -0.0621519 0.7548617 0.2009555
v -0.0417701 0.7611404 0.1988885
v -0.0209861 0.7649321 0.1972302
v 0.0000000 0.7293000 0.1789348
v 0.0193251 0.7281324 0.1800708
v 0.0384640 0.7246409 0.1815979
v 0.0572325 0.7188591 0.1835013
v 0.0754499 0.7108427 0.1857627
v 0.0929406 0.7006689 0.1883602
v 0.1095362 0.6884356 0.1912690
v 0.1250770 0.6742607 0.1944609
v 0.1394132 0.6582807 0.1979052
v 0.1524067 0.6406495 0.2015688
v 0.1639325 0.6215369 0.2054164
v 0.1738796 0.6011269 0.2094109
v 0.1821521 0.5796162 0.2135138
v 0.1886704 0.5572118 0.2176857
v 0.1933716 0.5341295 0.2218864
v 0.1962106 0.5105917 0.2260754
v 0.1971600 0.4868250 0.2302123
v 0.1962106 0.4630583 0.2342573
v 0.1933716 0.4395205 0.2381716
v 0.1886704 0.4164382 0.2419173
v 0.1821521 0.3940338 0.2454583
v 0.1738796 0.3725231 0.2487607
v 0.1639325 0.3521131 0.2517926
v 0.1524067 0.3330005 0.2545248
v 0.1394132 0.3153693 0.2569310
v 0.1250770 0.2993893 0.2589879
v 0.1095362 0.2852144 0.2606759
v 0.0929406 0.2729811 0.2619786
v 0.0754499 0.2628073 0.2628835
v 0.0572325 0.2547909 0.2633819
v 0.0384640 0.2490091 0.2634690
v 0.0193251 0.2455176 0.2631439
v 0.0000000 0.2443500 0.2624098
v -0.0193251 0.2455176 0.2631439
v -0.0384640 0.2490091 0.2634690
v -0.0572325 0.2547909 0.2633819
v -0.0754499 0.2628073 0.2628835
v -0.0929406 0.2729811 0.2619786
v -0.1095362 0.2852144 0.2606759
v -0.1250770 0.2993893 0.2589879
v -0.1394132 0.3153693 0.2569310
v -0.1524067 0.3330005 0.2545248
v -0.1639325 0.3521131 0.2517926
v -0.1738796 0.3725231 0.2487607
v -0.1821521 0.3940338 0.2454583
v -0.1886704 0.4164382 0.2419173
v -0.1933716 0.4395205 0.2381716
v -0.1962106 0.4630583 0.2342573
v -0.1971600 0.4868250 0.2302123
v -0.1962106 0.5105917 0.2260754
v -0.1933716 0.5341295 0.2218864
v -0.1886704 0.5572118 0.2176857
v -0.1821521 0.5796162 0.2135138
v -0.1738796 0.6011269 0.2094109
v -0.1639325 0.6215369 0.2054164
v -0.1524067 0.6406495 0.2015688
v -0.1394132 0.6582807 0.1979052
v -0.1250770 0.6742607 0.1944609
v -0.1095362 0.6884356 0.1912690
v -0.0929406 0.7006689 0.1883602
v -0.0754499 0.7108427 0.1857627
v -0.0572325 0.7188591 0.1835013
v -0.0384640 0.7246409 0.1815979
v -0.0193251 0.7281324 0.1800708
v 0.0000000 0.6924000 0.1635270
v 0.0176640 0.6913328 0.1645654
v 0.0351579 0.6881414 0.1659612
v 0.0523132 0.6828565 0.1677010
v 0.0689647 0.6755292 0.1697680
v 0.0849520 0.6662298 0.1721422
v 0.1001212 0.6550480 0.1748010
v 0.1143261 0.6420916 0.1777185
v 0.1274301 0.6274851 0.1808668
v 0.1393068 0.6113694 0.1842155
v 0.1498419 0.5938995 0.1877324
v 0.1589340 0.5752439 0.1913835
v 0.1664954 0.5555821 0.1951338
v 0.1724534 0.5351034 0.1989471
v 0.1767506 0.5140052 0.2027867
v 0.1793456 0.4924905 0.2066156
v 0.1802133 0.4707667 0.2103970
v 0.1793456 0.4490428 0.2140943
v 0.1767506 0.4275281 0.2176721
v 0.1724534 0.4064299 0.2210958
v 0.1664954 0.3859513 0.2243326
v 0.1589340 0.3662894 0.2273511
v 0.1498419 0.3476338 0.2301224
v 0.1393068 0.3301640 0.2326197
v 0.1274301 0.3140482 0.2348191
v 0.1143261 0.2994418 0.2366992
v 0.1001212 0.2864853 0.2382421
v 0.0849520 0.2753035 0.2394328
v 0.0689647 0.2660042 0.2402600
v 0.0523132 0.2586768 0.2407155
v 0.0351579 0.2533920 0.2407951
v 0.0176640 0.2502006 0.2404980
v 0.0000000 0.2491333 0.2398270
v -0.0176640 0.2502006 0.2404980
v -0.0351579 0.2533920 0.2407951
v -0.0523132 0.2586768 0.2407155
v -0.0689647 0.2660042 0.2402600
v -0.0849520 0.2753035 0.2394328
v -0.1001212 0.2864853 0.2382421
v -0.1143261 0.2994418 0.2366992
v -0.1274301 0.3140482 0.2348191
v -0.1393068 0.3301640 0.2326197
v -0.1498419 0.3476338 0.2301224
v -0.1589340 0.3662894 0.2273511
v -0.1664954 0.3859513 0.2243326
v -0.1724534 0.4064299 0.2210958
v -0.1767506 0.4275281 0.2176721
v -0.1793456 0.4490428 0.2140943
v -0.1802133 0.4707667 0.2103970
v -0.1793456 0.4924905 0.2066156
v -0.1767506 0.5140052 0.2027867
v -0.1724534 0.5351034 0.1989471
v -0.1664954 0.5555821 0.1951338
v -0.1589340 0.5752439 0.1913835
v -0.1498419 0.5938995 0.1877324
v -0.1393068 0.6113694 0.1842155
v -0.1274301 0.6274851 0.1808668
v -0.1143261 0.6420916 0.1777185
v -0.1001212 0.6550480 0.1748010
v -0.0849520 0.6662298 0.1721422
v -0.0689647 0.6755292 0.1697680
v -0.0523132 0.6828565 0.1677010
v -0.0351579 0.6881414 0.1659612
v -0.0176640 0.6913328 0.1645654
v 0.0000000 0.6555000 0.1502043
v 0.0160029 0.6545331 0.1511451
v 0.0318517 0.6516418 0.1524096
v 0.0473938 0.6468540 0.1539858
v 0.0624794 0.6402156 0.1558584
v 0.0769634 0.6317908 0.1580094
v 0.0907061 0.6216605 0.1604181
v 0.1035753 0.6099224 0.1630613
v 0.1154470 0.5966895 0.1659136
v 0.1262068 0.5820892 0.1689474
v 0.1357513 0.5662622 0.1721335
v 0.1439883 0.5493609 0.1754413
v 0.1508387 0.5315480 0.1788390
v 0.1562365 0.5129951 0.1822937
v 0.1601295 0.4938808 0.1857722
v 0.1624805 0.4743894 0.1892410
v 0.1632667 0.4547083 0.1926668
v 0.1624805 0.4350273 0.1960165
v 0.1601295 0.4155358 0.1992578
v 0.1562365 0.3964216 0.2023596
v 0.1508387 0.3778687 0.2052920
v 0.1439883 0.3600558 0.2080266
v 0.1357513 0.3431545 0.2105373
v 0.1262068 0.3273274 0.2127998
v 0.1154470 0.3127272 0.2147923
v 0.1035753 0.2994943 0.2164957
v 0.0907061 0.2877562 0.2178935
v 0.0769634 0.2776259 0.2189722
v 0.0624794 0.2692010 0.2197216
v 0.0473938 0.2625627 0.2201343
v 0.0318517 0.2577748 0.2202064
v 0.0160029 0.2548835 0.2199372
v 0.0000000 0.2539167 0.2193293
v -0.0160029 0.2548835 0.2199372
v -0.0318517 0.2577748 0.2202064
v -0.0473938 0.2625627 0.2201343
v -0.0624794 0.2692010 0.2197216
v -0.0769634 0.2776259 0.2189722
v -0.0907061 0.2877562 0.2178935
v -0.1035753 0.2994943 0.2164957
v -0.1154470 0.3127272 0.2147923
v -0.1262068 0.3273274 0.2127998
v -0.1357513 0.3431545 0.2105373
v -0.1439883 0.3600558 0.2080266
v -0.1508387 0.3778687 0.2052920
v -0.1562365 0.3964216 0.2023596
v -0.1601295 0.4155358 0.1992578
v -0.1624805 0.4350273 0.1960165
v -0.1632667 0.4547083 0.1926668
v -0.1624805 0.4743894 0.1892410
v -0.1601295 0.4938808 0.1857722
v -0.1562365 0.5129951 0.1822937
v -0.1508387 0.5315480 0.1788390
v -0.1439883 0.5493609 0.1754413
v -0.1357513 0.5662622 0.1721335
v -0.1262068 0.5820892 0.1689474
v -0.1154470 0.5966895 0.1659136
v -0.1035753 0.6099224 0.1630613
v -0.0907061 0.6216605 0.1604181
v -0.0769634 0.6317908 0.1580094
v -0.0624794 0.6402156 0.1558584
v -0.0473938 0.6468540 0.1539858
v -0.0318517 0.6516418 0.1524096
v -0.0160029 0.6545331 0.1511451
v 0.0000000 0.6186000 0.1393024
v 0.0143419 0.6177335 0.1401455
v 0.0285456 0.6151423 0.1412788
v 0.0424745 0.6108514 0.1426914
v 0.0559942 0.6049021 0.1443696
v 0.0689748 0.5973517 0.1462974
v 0.0812910 0.5882730 0.1484560
v 0.0928244 0.5777532 0.1508249
v 0.1034639 0.5658939 0.1533811
v 0.1131069 0.5528091 0.1561000
v 0.1216606 0.5386249 0.1589554
v 0.1290427 0.5234778 0.1619199
v 0.1351821 0.5075139 0.1649648
v 0.1400195 0.4908867 0.1680609
v 0.1435085 0.4737565 0.1711784
v 0.1456154 0.4562882 0.1742872
v 0.1463200 0.4386500 0.1773574
v 0.1456154 0.4210118 0.1803594
v 0.1435085 0.4035435 0.1832643
v 0.1400195 0.3864133 0.1860441
v 0.1351821 0.3697861 0.1886721
v 0.1290427 0.3538222 0.1911229
v 0.1216606 0.3386751 0.1933730
v 0.1131069 0.3244909 0.1954006
v 0.1034639 0.3114061 0.1971863
v 0.0928244 0.2995468 0.1987129
v 0.0812910 0.2890270 0.1999656
v 0.0689748 0.2799483 0.2009324
v 0.0559942 0.2723979 0.2016039
v 0.0424745 0.2664486 0.2019738
v 0.0285456 0.2621577 0.2020384
v 0.0143419 0.2595665 0.2017972
v 0.0000000 0.2587000 0.2012524
v -0.0143419 0.2595665 0.2017972
v -0.0285456 0.2621577 0.2020384
v -0.0424745 0.2664486 0.2019738
v -0.0559942 0.2723979 0.2016039
v -0.0689748 0.2799483 0.2009324
v -0.0812910 0.2890270 0.1999656
v -0.0928244 0.2995468 0.1987129
v -0.1034639 0.3114061 0.1971863
v -0.1131069 0.3244909 0.1954006
v -0.1216606 0.3386751 0.1933730
v -0.1290427 0.3538222 0.1911229
v -0.1351821 0.3697861 0.1886721
v -0.1400195 0.3864133 0.1860441
v -0.1435085 0.4035435 0.1832643
v -0.1456154 0.4210118 0.1803594
v -0.1463200 0.4386500 0.1773574
v -0.1456154 0.4562882 0.1742872
v -0.1435085 0.4737565 0.1711784
v -0.1400195 0.4908867 0.1680609
v -0.1351821 0.5075139 0.1649648
v -0.1290427 0.5234778 0.1619199
v -0.1216606 0.5386249 0.1589554
v -0.1131069 0.5528091 0.1561000
v -0.1034639 0.5658939 0.1533811
v -0.0928244 0.5777532 0.1508249
v -0.0812910 0.5882730 0.1484560
v -0.0689748 0.5973517 0.1462974
v -0.0559942 0.6049021 0.1443696
v -0.0424745 0.6108514 0.1426914
v -0.0285456 0.6151423 0.1412788
v -0.0143419 0.6177335 0.1401455
v 0.0000000 0.5817000 0.1310456
v 0.0126808 0.5809338 0.1317911
v 0.0252395 0.5786428 0.1327931
v 0.0375551 0.5748488 0.1340421
v 0.0495090 0.5695886 0.1355260
v 0.0609862 0.5629127 0.1372304
v 0.0718760 0.5548854 0.1391391
v 0.0820736 0.5455841 0.1412336
v 0.0914808 0.5350982 0.1434937
v 0.1000069 0.5235289 0.1458977
v 0.1075700 0.5109875 0.1484224
v 0.1140971 0.4975948 0.1510436
v 0.1195254 0.4834798 0.1537359
v 0.1238026 0.4687784 0.1564734
v 0.1268875 0.4536322 0.1592298
v 0.1287504 0.4381870 0.1619785
v 0.1293733 0.4225917 0.1646931
v 0.1287504 0.4069963 0.1673474
v 0.1268875 0.3915512 0.1699159
v 0.1238026 0.3764050 0.1723737
v 0.1195254 0.3617035 0.1746973
v 0.1140971 0.3475885 0.1768643
v 0.1075700 0.3341958 0.1788538
v 0.1000069 0.3216544 0.1806466
v 0.0914808 0.3100851 0.1822255
v 0.0820736 0.2995993 0.1835752
v 0.0718760 0.2902979 0.1846829
v 0.0609862 0.2822706 0.1855377
v 0.0495090 0.2755947 0.1861315
v 0.0375551 0.2703345 0.1864585
v 0.0252395 0.2665406 0.1865156
v 0.0126808 0.2642495 0.1863023
v 0.0000000 0.2634833 0.1858206
v -0.0126808 0.2642495 0.1863023
v -0.0252395 0.2665406 0.1865156
v -0.0375551 0.2703345 0.1864585
v -0.0495090 0.2755947 0.1861315
v -0.0609862 0.2822706 0.1855377
v -0.0718760 0.2902979 0.1846829
v -0.0820736 0.2995993 0.1835752
v -0.0914808 0.3100851 0.1822255
v -0.1000069 0.3216544 0.1806466
v -0.1075700 0.3341958 0.1788538
v -0.1140971 0.3475885 0.1768643
v -0.1195254 0.3617035 0.1746973
v -0.1238026 0.3764050 0.1723737
v -0.1268875 0.3915512 0.1699159
v -0.1287504 0.4069963 0.1673474
v -0.1293733 0.4225917 0.1646931
v -0.1287504 0.4381870 0.1619785
v -0.1268875 0.4536322 0.1592298
v -0.1238026 0.4687784 0.1564734
v -0.1195254 0.4834798 0.1537359
v -0.1140971 0.4975948 0.1510436
v -0.1075700 0.5109875 0.1484224
v -0.1000069 0.5235289 0.1458977
v -0.0914808 0.5350982 0.1434937
v -0.0820736 0.5455841 0.1412336
v -0.0718760 0.5548854 0.1391391
v -0.0609862 0.5629127 0.1372304
v -0.0495090 0.5695886 0.1355260
v -0.0375551 0.5748488 0.1340421
v -0.0252395 0.5786428 0.1327931
v -0.0126808 0.5809338 0.1317911
v 0.0000000 0.5448000 0.1255370
v 0.0110197 0.5441342 0.1261848
v 0.0219334 0.5421432 0.1270556
v 0.0326357 0.5388463 0.1281410
v 0.0430238 0.5342751 0.1294305
v 0.0529976 0.5284736 0.1309117
v 0.0624609 0.5214979 0.1325703
v 0.0713227 0.5134149 0.1343904
v 0.0794977 0.5043026 0.1363545
v 0.0869070 0.4942488 0.1384436
v 0.0934794 0.4833502 0.1406376
v 0.0991515 0.4717118 0.1429154
v 0.1038687 0.4594457 0.1452550
v 0.1075856 0.4466700 0.1476340
v 0.1102664 0.4335078 0.1500293
v 0.1118853 0.4200858 0.1524180
v 0.1124267 0.4065333 0.1547770
v 0.1118853 0.3929808 0.1570836
v 0.1102664 0.3795588 0.1593156
v 0.1075856 0.3663966 0.1614515
v 0.1038687 0.3536210 0.1634708
v 0.0991515 0.3413549 0.1653539
v 0.0934794 0.3297165 0.1670828
v 0.0869070 0.3188179 0.1686407
v 0.0794977 0.3087640 0.1700128
v 0.0713227 0.2996518 0.1711857
v 0.0624609 0.2915688 0.1721483
v 0.0529976 0.2845930 0.1728911
v 0.0430238 0.2787916 0.1734071
v 0.0326357 0.2742204 0.1736913
v 0.0219334 0.2709234 0.1737410
v 0.0110197 0.2689325 0.1735556
v 0.0000000 0.2682667 0.1731370
v -0.0110197 0.2689325 0.1735556
v -0.0219334 0.2709234 0.1737410
v -0.0326357 0.2742204 0.1736913
v -0.0430238 0.2787916 0.1734071
v -0.0529976 0.2845930 0.1728911
v -0.0624609 0.2915688 0.1721483
v -0.0713227 0.2996518 0.1711857
v -0.0794977 0.3087640 0.1700128
v -0.0869070 0.3188179 0.1686407
v -0.0934794 0.3297165 0.1670828
v -0.0991515 0.3413549 0.1653539
v -0.1038687 0.3536210 0.1634708
v -0.1075856 0.3663966 0.1614515
v -0.1102664 0.3795588 0.1593156
v -0.1118853 0.3929808 0.1570836
v -0.1124267 0.4065333 0.1547770
v -0.1118853 0.4200858 0.1524180
v -0.1102664 0.4335078 0.1500293
v -0.1075856 0.4466700 0.1476340
v -0.1038687 0.4594457 0.1452550
v -0.0991515 0.4717118 0.1429154
v -0.0934794 0.4833502 0.1406376
v -0.0869070 0.4942488 0.1384436
v -0.0794977 0.5043026 0.1363545
v -0.0713227 0.5134149 0.1343904
v -0.0624609 0.5214979 0.1325703
v -0.0529976 0.5284736 0.1309117
v -0.0430238 0.5342751 0.1294305
v -0.0326357 0.5388463 0.1281410
v -0.0219334 0.5421432 0.1270556
v -0.0110197 0.5441342 0.1261848
v 0.0000000 0.5079000 0.1227534
v 0.0093587 0.5073346 0.1233035
v 0.0186272 0.5056437 0.1240431
v 0.0277164 0.5028437 0.1249648
v 0.0365386 0.4989616 0.1260599
v 0.0450090 0.4940346 0.1273179
v 0.0530458 0.4881103 0.1287265
v 0.0605719 0.4812458 0.1302723
v 0.0675146 0.4735070 0.1319403
v 0.0738070 0.4649686 0.1337145
v 0.0793887 0.4557128 0.1355778
v 0.0842058 0.4458288 0.1375122
v 0.0882120 0.4354116 0.1394992
v 0.0913687 0.4245617 0.1415195
v 0.0936454 0.4133835 0.1435538
v 0.0950202 0.4019847 0.1455824
v 0.0954800 0.3904750 0.1475859
v 0.0950202 0.3789653 0.1495448
v 0.0936454 0.3675665 0.1514403
v 0.0913687 0.3563883 0.1532543
v 0.0882120 0.3455384 0.1549692
v 0.0842058 0.3351212 0.1565684
v 0.0793887 0.3252372 0.1580367
v 0.0738070 0.3159814 0.1593598
v 0.0675146 0.3074430 0.1605251
v 0.0605719 0.2997042 0.1615212
v 0.0530458 0.2928397 0.1623387
v 0.0450090 0.2869154 0.1629695
v 0.0365386 0.2819884 0.1634078
v 0.0277164 0.2781063 0.1636491
v 0.0186272 0.2753063 0.1636913
v 0.0093587 0.2736154 0.1635339
v 0.0000000 0.2730500 0.1631784
v -0.0093587 0.2736154 0.1635339
v -0.0186272 0.2753063 0.1636913
v -0.0277164 0.2781063 0.1636491
v -0.0365386 0.2819884 0.1634078
v -0.0450090 0.2869154 0.1629695
v -0.0530458 0.2928397 0.1623387
v -0.0605719 0.2997042 0.1615212
v -0.0675146 0.3074430 0.1605251
v -0.0738070 0.3159814 0.1593598
v -0.0793887 0.3252372 0.1580367
v -0.0842058 0.3351212 0.1565684
v -0.0882120 0.3455384 0.1549692
v -0.0913687 0.3563883 0.1532543
v -0.0936454 0.3675665 0.1514403
v -0.0950202 0.3789653 0.1495448
v -0.0954800 0.3904750 0.1475859
v -0.0950202 0.4019847 0.1455824
v -0.0936454 0.4133835 0.1435538
v -0.0913687 0.4245617 0.1415195
v -0.0882120 0.4354116 0.1394992
v -0.0842058 0.4458288 0.1375122
v -0.0793887 0.4557128 0.1355778
v -0.0738070 0.4649686 0.1337145
v -0.0675146 0.4735070 0.1319403
v -0.0605719 0.4812458 0.1302723
v -0.0530458 0.4881103 0.1287265
v -0.0450090 0.4940346 0.1273179
v -0.0365386 0.4989616 0.1260599
v -0.0277164 0.5028437 0.1249648
v -0.0186272 0.5056437 0.1240431
v -0.0093587 0.5073346 0.1233035
v 0.0000000 0.4710000 0.1225464
v 0.0076976 0.4705349 0.1229990
v 0.0153211 0.4691442 0.1236072
v 0.0227970 0.4668412 0.1243654
v 0.0300534 0.4636480 0.1252661
v 0.0370204 0.4595956 0.1263008
v 0.0436308 0.4547228 0.1274594
v 0.0498210 0.4490766 0.1287308
v 0.0555315 0.4427114 0.1301028
v 0.0607071 0.4356885 0.1315621
v 0.0652981 0.4280755 0.1330947
v 0.0692602 0.4199457 0.1346858
v 0.0725553 0.4113775 0.1363201
v 0.0751517 0.4024533 0.1379818
v 0.0770243 0.3932591 0.1396550
v 0.0781552 0.3838835 0.1413236
v 0.0785333 0.3744167 0.1429714
v 0.0781552 0.3649498 0.1445827
v 0.0770243 0.3555742 0.1461418
v 0.0751517 0.3463800 0.1476338
v 0.0725553 0.3374558 0.1490443
v 0.0692602 0.3288876 0.1503597
v 0.0652981 0.3207578 0.1515674
v 0.0607071 0.3131448 0.1526557
v 0.0555315 0.3061219 0.1536141
v 0.0498210 0.2997567 0.1544334
v 0.0436308 0.2941106 0.1551058
v 0.0370204 0.2892378 0.1556247
v 0.0300534 0.2851853 0.1559851
v 0.0227970 0.2819922 0.1561836
v 0.0153211 0.2796892 0.1562183
v 0.0076976 0.2782984 0.1560888
v 0.0000000 0.2778333 0.1557964
v -0.0076976 0.2782984 0.1560888
v -0.0153211 0.2796892 0.1562183
v -0.0227970 0.2819922 0.1561836
v -0.0300534 0.2851853 0.1559851
v -0.0370204 0.2892378 0.1556247
v -0.0436308 0.2941106 0.1551058
v -0.0498210 0.2997567 0.1544334
v -0.0555315 0.3061219 0.1536141
v -0.0607071 0.3131448 0.1526557
v -0.0652981 0.3207578 0.1515674
v -0.0692602 0.3288876 0.1503597
v -0.0725553 0.3374558 0.1490443
v -0.0751517 0.3463800 0.1476338
v -0.0770243 0.3555742 0.1461418
v -0.0781552 0.3649498 0.1445827
v -0.0785333 0.3744167 0.1429714
v -0.0781552 0.3838835 0.1413236
v -0.0770243 0.3932591 0.1396550
v -0.0751517 0.4024533 0.1379818
v -0.0725553 0.4113775 0.1363201
v -0.0692602 0.4199457 0.1346858
v -0.0652981 0.4280755 0.1330947
v -0.0607071 0.4356885 0.1315621
v -0.0555315 0.4427114 0.1301028
v -0.0498210 0.4490766 0.1287308
v -0.0436308 0.4547228 0.1274594
v -0.0370204 0.4595956 0.1263008
v -0.0300534 0.4636480 0.1252661
v -0.0227970 0.4668412 0.1243654
v -0.0153211 0.4691442 0.1236072
v -0.0076976 0.4705349 0.1229990
v 0.0000000 0.4341000 0.1246497
v 0.0060365 0.4337353 0.1250045
v 0.0120150 0.4326446 0.1254815
v 0.0178777 0.4308386 0.1260761
v 0.0235682 0.4283345 0.1267825
v 0.0290318 0.4251565 0.1275939
v 0.0342157 0.4213352 0.1285025
v 0.0390702 0.4169074 0.1294995
v 0.0435483 0.4119158 0.1305754
v 0.0476071 0.4064083 0.1317198
v 0.0512074 0.4004381 0.1329217
v 0.0543146 0.3940627 0.1341694
v 0.0568987 0.3873434 0.1354511
v 0.0589348 0.3803450 0.1367542
v 0.0604033 0.3731348 0.1380664
v 0.0612901 0.3657823 0.1393749
v 0.0615867 0.3583583 0.1406672
v 0.0612901 0.3509344 0.1419307
v 0.0604033 0.3435819 0.1431534
v 0.0589348 0.3363717 0.1443234
v 0.0568987 0.3293733 0.1454295
v 0.0543146 0.3226540 0.1464611
v 0.0512074 0.3162785 0.1474082
v 0.0476071 0.3103083 0.1482616
v 0.0435483 0.3048009 0.1490132
v 0.0390702 0.2998092 0.1496558
v 0.0342157 0.2953814 0.1501830
v 0.0290318 0.2915601 0.1505900
v 0.0235682 0.2883822 0.1508726
v 0.0178777 0.2858781 0.1510283
v 0.0120150 0.2840720 0.1510555
v 0.0060365 0.2829814 0.1509540
v 0.0000000 0.2826167 0.1507247
v -0.0060365 0.2829814 0.1509540
v -0.0120150 0.2840720 0.1510555
v -0.0178777 0.2858781 0.1510283
v -0.0235682 0.2883822 0.1508726
v -0.0290318 0.2915601 0.1505900
v -0.0342157 0.2953814 0.1501830
v -0.0390702 0.2998092 0.1496558
v -0.0435483 0.3048009 0.1490132
v -0.0476071 0.3103083 0.1482616
v -0.0512074 0.3162785 0.1474082
v -0.0543146 0.3226540 0.1464611
v -0.0568987 0.3293733 0.1454295
v -0.0589348 0.3363717 0.1443234
v -0.0604033 0.3435819 0.1431534
v -0.0612901 0.3509344 0.1419307
v -0.0615867 0.3583583 0.1406672
v -0.0612901 0.3657823 0.1393749
v -0.0604033 0.3731348 0.1380664
v -0.0589348 0.3803450 0.1367542
v -0.0568987 0.3873434 0.1354511
v -0.0543146 0.3940627 0.1341694
v -0.0512074 0.4004381 0.1329217
v -0.0476071 0.4064083 0.1317198
v -0.0435483 0.4119158 0.1305754
v -0.0390702 0.4169074 0.1294995
v -0.0342157 0.4213352 0.1285025
v -0.0290318 0.4251565 0.1275939
v -0.0235682 0.4283345 0.1267825
v -0.0178777 0.4308386 0.1260761
v -0.0120150 0.4326446 0.1254815
v -0.0060365 0.4337353 0.1250045
v 0.0000000 0.3972000 0.1286904
v 0.0043755 0.3969356 0.1289476
v 0.0087088 0.3961451 0.1292934
v 0.0129583 0.3948360 0.1297243
v 0.0170830 0.3930210 0.1302363
v 0.0210432 0.3907175 0.1308245
v 0.0248007 0.3879477 0.1314830
v 0.0283193 0.3847383 0.1322057
v 0.0315652 0.3811202 0.1329856
v 0.0345072 0.3771282 0.1338151
v 0.0371168 0.3728008 0.1346862
v 0.0393690 0.3681797 0.1355906
v 0.0412420 0.3633093 0.1365196
v 0.0427178 0.3582366 0.1374642
v 0.0437823 0.3530105 0.1384153
v 0.0444250 0.3476811 0.1393637
v 0.0446400 0.3423000 0.1403004
v 0.0444250 0.3369189 0.1412163
v 0.0437823 0.3315895 0.1421025
v 0.0427178 0.3263634 0.1429506
v 0.0412420 0.3212907 0.1437523
v 0.0393690 0.3164203 0.1445000
v 0.0371168 0.3117992 0.1451865
v 0.0345072 0.3074718 0.1458051
v 0.0315652 0.3034798 0.1463499
v 0.0283193 0.2998617 0.1468156
v 0.0248007 0.2966523 0.1471978
v 0.0210432 0.2938825 0.1474928
v 0.0170830 0.2915790 0.1476977
v 0.0129583 0.2897640 0.1478105
v 0.0087088 0.2884549 0.1478302
v 0.0043755 0.2876644 0.1477566
v 0.0000000 0.2874000 0.1475904
v -0.0043755 0.2876644 0.1477566
v -0.0087088 0.2884549 0.1478302
v -0.0129583 0.2897640 0.1478105
v -0.0170830 0.2915790 0.1476977
v -0.0210432 0.2938825 0.1474928
v -0.0248007 0.2966523 0.1471978
v -0.0283193 0.2998617 0.1468156
v -0.0315652 0.3034798 0.1463499
v -0.0345072 0.3074718 0.1458051
v -0.0371168 0.3117992 0.1451865
v -0.0393690 0.3164203 0.1445000
v -0.0412420 0.3212907 0.1437523
v -0.0427178 0.3263634 0.1429506
v -0.0437823 0.3315895 0.1421025
v -0.0444250 0.3369189 0.1412163
v -0.0446400 0.3423000 0.1403004
v -0.0444250 0.3476811 0.1393637
v -0.0437823 0.3530105 0.1384153
v -0.0427178 0.3582366 0.1374642
v -0.0412420 0.3633093 0.1365196
v -0.0393690 0.3681797 0.1355906
v -0.0371168 0.3728008 0.1346862
v -0.0345072 0.3771282 0.1338151
v -0.0315652 0.3811202 0.1329856
v -0.0283193 0.3847383 0.1322057
v -0.0248007 0.3879477 0.1314830
v -0.0210432 0.3907175 0.1308245
v -0.0170830 0.3930210 0.1302363
v -0.0129583 0.3948360 0.1297243
v -0.0087088 0.3961451 0.1292934
v -0.0043755 0.3969356 0.1289476
v 0.0620000 0.8500000 0.1050000
v 0.0620000 0.9350000 0.1050000
v 0.0608087 0.8500000 0.1170956
v 0.0608087 0.9350000 0.1170956
v 0.0572805 0.8500000 0.1287264
v 0.0572805 0.9350000 0.1287264
v 0.0515511 0.8500000 0.1394454
v 0.0515511 0.9350000 0.1394454
v 0.0438406 0.8500000 0.1488406
v 0.0438406 0.9350000 0.1488406
v 0.0344454 0.8500000 0.1565511
v 0.0344454 0.9350000 0.1565511
v 0.0237264 0.8500000 0.1622805
v 0.0237264 0.9350000 0.1622805
v 0.0120956 0.8500000 0.1658087
v 0.0120956 0.9350000 0.1658087
v 0.0000000 0.8500000 0.1670000
v 0.0000000 0.9350000 0.1670000
v -0.0120956 0.8500000 0.1658087
v -0.0120956 0.9350000 0.1658087
v -0.0237264 0.8500000 0.1622805
v -0.0237264 0.9350000 0.1622805
v -0.0344454 0.8500000 0.1565511
v -0.0344454 0.9350000 0.1565511
v -0.0438406 0.8500000 0.1488406
v -0.0438406 0.9350000 0.1488406
v -0.0515511 0.8500000 0.1394454
v -0.0515511 0.9350000 0.1394454
v -0.0572805 0.8500000 0.1287264
v -0.0572805 0.9350000 0.1287264
v -0.0608087 0.8500000 0.1170956
v -0.0608087 0.9350000 0.1170956
v -0.0620000 0.8500000 0.1050000
v -0.0620000 0.9350000 0.1050000
v -0.0608087 0.8500000 0.0929044
v -0.0608087 0.9350000 0.0929044
v -0.0572805 0.8500000 0.0812736
v -0.0572805 0.9350000 0.0812736
v -0.0515511 0.8500000 0.0705546
v -0.0515511 0.9350000 0.0705546
v -0.0438406 0.8500000 0.0611594
v -0.0438406 0.9350000 0.0611594
v -0.0344454 0.8500000 0.0534489
v -0.0344454 0.9350000 0.0534489
v -0.0237264 0.8500000 0.0477195
v -0.0237264 0.9350000 0.0477195
v -0.0120956 0.8500000 0.0441913
v -0.0120956 0.9350000 0.0441913
v -0.0000000 0.8500000 0.0430000
v -0.0000000 0.9350000 0.0430000
v 0.0120956 0.8500000 0.0441913
v 0.0120956 0.9350000 0.0441913
v 0.0237264 0.8500000 0.0477195
v 0.0237264 0.9350000 0.0477195
v 0.0344454 0.8500000 0.0534489
v 0.0344454 0.9350000 0.0534489
v 0.0438406 0.8500000 0.0611594
v 0.0438406 0.9350000 0.0611594
v 0.0515511 0.8500000 0.0705546
v 0.0515511 0.9350000 0.0705546
v 0.0572805 0.8500000 0.0812736
v 0.0572805 0.9350000 0.0812736
v 0.0608087 0.8500000 0.0929044
v 0.0608087 0.9350000 0.0929044
v 0.0000000 0.8500000 0.1050000
v 0.0000000 0.9350000 0.1050000
v 0.0250000 0.9150000 0.1050000
v 0.0250000 1.1850000 0.1050000
v 0.0241481 0.9150000 0.1114705
v 0.0241481 1.1850000 0.1114705
v 0.0216506 0.9150000 0.1175000
v 0.0216506 1.1850000 0.1175000
v 0.0176777 0.9150000 0.1226777
v 0.0176777 1.1850000 0.1226777
v 0.0125000 0.9150000 0.1266506
v 0.0125000 1.1850000 0.1266506
v 0.0064705 0.9150000 0.1291481
v 0.0064705 1.1850000 0.1291481
v 0.0000000 0.9150000 0.1300000
v 0.0000000 1.1850000 0.1300000
v -0.0064705 0.9150000 0.1291481
v -0.0064705 1.1850000 0.1291481
v -0.0125000 0.9150000 0.1266506
v -0.0125000 1.1850000 0.1266506
v -0.0176777 0.9150000 0.1226777
v -0.0176777 1.1850000 0.1226777
v -0.0216506 0.9150000 0.1175000
v -0.0216506 1.1850000 0.1175000
v -0.0241481 0.9150000 0.1114705
v -0.0241481 1.1850000 0.1114705
v -0.0250000 0.9150000 0.1050000
v -0.0250000 1.1850000 0.1050000
v -0.0241481 0.9150000 0.0985295
v -0.0241481 1.1850000 0.0985295
v -0.0216506 0.9150000 0.0925000
v -0.0216506 1.1850000 0.0925000
v -0.0176777 0.9150000 0.0873223
v -0.0176777 1.1850000 0.0873223
v -0.0125000 0.9150000 0.0833494
v -0.0125000 1.1850000 0.0833494
v -0.0064705 0.9150000 0.0808519
v -0.0064705 1.1850000 0.0808519
v -0.0000000 0.9150000 0.0800000
v -0.0000000 1.1850000 0.0800000
v 0.0064705 0.9150000 0.0808519
v 0.0064705 1.1850000 0.0808519
v 0.0125000 0.9150000 0.0833494
v 0.0125000 1.1850000 0.0833494
v 0.0176777 0.9150000 0.0873223
v 0.0176777 1.1850000 0.0873223
v 0.0216506 0.9150000 0.0925000
v 0.0216506 1.1850000 0.0925000
v 0.0241481 0.9150000 0.0985295
v 0.0241481 1.1850000 0.0985295
v 0.0000000 0.9150000 0.1050000
v 0.0000000 1.1850000 0.1050000
v 0.0520000 1.1650000 0.1050000
v 0.0520000 1.2700000 0.1050000
v 0.0510008 1.1650000 0.1151447
v 0.0510008 1.2700000 0.1151447
v 0.0480417 1.1650000 0.1248995
v 0.0480417 1.2700000 0.1248995
v 0.0432364 1.1650000 0.1338897
v 0.0432364 1.2700000 0.1338897
v 0.0367696 1.1650000 0.1417696
v 0.0367696 1.2700000 0.1417696
v 0.0288897 1.1650000 0.1482364
v 0.0288897 1.2700000 0.1482364
v 0.0198995 1.1650000 0.1530417
v 0.0198995 1.2700000 0.1530417
v 0.0101447 1.1650000 0.1560008
v 0.0101447 1.2700000 0.1560008
v 0.0000000 1.1650000 0.1570000
v 0.0000000 1.2700000 0.1570000
v -0.0101447 1.1650000 0.1560008
v -0.0101447 1.2700000 0.1560008
v -0.0198995 1.1650000 0.1530417
v -0.0198995 1.2700000 0.1530417
v -0.0288897 1.1650000 0.1482364
v -0.0288897 1.2700000 0.1482364
v -0.0367696 1.1650000 0.1417696
v -0.0367696 1.2700000 0.1417696
v -0.0432364 1.1650000 0.1338897
v -0.0432364 1.2700000 0.1338897
v -0.0480417 1.1650000 0.1248995
v -0.0480417 1.2700000 0.1248995
v -0.0510008 1.1650000 0.1151447
v -0.0510008 1.2700000 0.1151447
v -0.0520000 1.1650000 0.1050000
v -0.0520000 1.2700000 0.1050000
v -0.0510008 1.1650000 0.0948553
v -0.0510008 1.2700000 0.0948553
v -0.0480417 1.1650000 0.0851005
v -0.0480417 1.2700000 0.0851005
v -0.0432364 1.1650000 0.0761103
v -0.0432364 1.2700000 0.0761103
v -0.0367696 1.1650000 0.0682304
v -0.0367696 1.2700000 0.0682304
v -0.0288897 1.1650000 0.0617636
v -0.0288897 1.2700000 0.0617636
v -0.0198995 1.1650000 0.0569583
v -0.0198995 1.2700000 0.0569583
v -0.0101447 1.1650000 0.0539992
v -0.0101447 1.2700000 0.0539992
v -0.0000000 1.1650000 0.0530000
v -0.0000000 1.2700000 0.0530000
v 0.0101447 1.1650000 0.0539992
v 0.0101447 1.2700000 0.0539992
v 0.0198995 1.1650000 0.0569583
v 0.0198995 1.2700000 0.0569583
v 0.0288897 1.1650000 0.0617636
v 0.0288897 1.2700000 0.0617636
v 0.0367696 1.1650000 0.0682304
v 0.0367696 1.2700000 0.0682304
v 0.0432364 1.1650000 0.0761103
v 0.0432364 1.2700000 0.0761103
v 0.0480417 1.1650000 0.0851005
v 0.0480417 1.2700000 0.0851005
v 0.0510008 1.1650000 0.0948553
v 0.0510008 1.2700000 0.0948553
v 0.0000000 1.1650000 0.1050000
v 0.0000000 1.2700000 0.1050000
v 0.0000000 1.2480000 0.1300000
v 0.0000000 1.2480000 0.1700000
v 0.0073432 1.2471726 0.1300000
v 0.0073432 1.2471726 0.1700000
v 0.0143182 1.2447320 0.1300000
v 0.0143182 1.2447320 0.1700000
v 0.0205752 1.2408004 0.1300000
v 0.0205752 1.2408004 0.1700000
v 0.0258004 1.2355752 0.1300000
v 0.0258004 1.2355752 0.1700000
v 0.0297320 1.2293182 0.1300000
v 0.0297320 1.2293182 0.1700000
v 0.0321726 1.2223432 0.1300000
v 0.0321726 1.2223432 0.1700000
v 0.0330000 1.2150000 0.1300000
v 0.0330000 1.2150000 0.1700000
v 0.0321726 1.2076568 0.1300000
v 0.0321726 1.2076568 0.1700000
v 0.0297320 1.2006818 0.1300000
v 0.0297320 1.2006818 0.1700000
v 0.0258004 1.1944248 0.1300000
v 0.0258004 1.1944248 0.1700000
v 0.0205752 1.1891996 0.1300000
v 0.0205752 1.1891996 0.1700000
v 0.0143182 1.1852680 0.1300000
v 0.0143182 1.1852680 0.1700000
v 0.0073432 1.1828274 0.1300000
v 0.0073432 1.1828274 0.1700000
v 0.0000000 1.1820000 0.1300000
v 0.0000000 1.1820000 0.1700000
v -0.0073432 1.1828274 0.1300000
v -0.0073432 1.1828274 0.1700000
v -0.0143182 1.1852680 0.1300000
v -0.0143182 1.1852680 0.1700000
v -0.0205752 1.1891996 0.1300000
v -0.0205752 1.1891996 0.1700000
v -0.0258004 1.1944248 0.1300000
v -0.0258004 1.1944248 0.1700000
v -0.0297320 1.2006818 0.1300000
v -0.0297320 1.2006818 0.1700000
v -0.0321726 1.2076568 0.1300000
v -0.0321726 1.2076568 0.1700000
v -0.0330000 1.2150000 0.1300000
v -0.0330000 1.2150000 0.1700000
v -0.0321726 1.2223432 0.1300000
v -0.0321726 1.2223432 0.1700000
v -0.0297320 1.2293182 0.1300000
v -0.0297320 1.2293182 0.1700000
v -0.0258004 1.2355752 0.1300000
v -0.0258004 1.2355752 0.1700000
v -0.0205752 1.2408004 0.1300000
v -0.0205752 1.2408004 0.1700000
v -0.0143182 1.2447320 0.1300000
v -0.0143182 1.2447320 0.1700000
v -0.0073432 1.2471726 0.1300000
v -0.0073432 1.2471726 0.1700000
v 0.0000000 1.2150000 0.1300000
v 0.0000000 1.2150000 0.1700000
v 0.0000000 0.3450000 0.1300000
v 0.0000000 0.3450000 0.1510000
v 0.0101447 0.3441353 0.1300000
v 0.0101447 0.3441353 0.1510000
v 0.0198995 0.3415746 0.1300000
v 0.0198995 0.3415746 0.1510000
v 0.0288897 0.3374161 0.1300000
v 0.0288897 0.3374161 0.1510000
v 0.0367696 0.3318198 0.1300000
v 0.0367696 0.3318198 0.1510000
v 0.0432364 0.3250007 0.1300000
v 0.0432364 0.3250007 0.1510000
v 0.0480417 0.3172208 0.1300000
v 0.0480417 0.3172208 0.1510000
v 0.0510008 0.3087791 0.1300000
v 0.0510008 0.3087791 0.1510000
v 0.0520000 0.3000000 0.1300000
v 0.0520000 0.3000000 0.1510000
v 0.0510008 0.2912209 0.1300000
v 0.0510008 0.2912209 0.1510000
v 0.0480417 0.2827792 0.1300000
v 0.0480417 0.2827792 0.1510000
v 0.0432364 0.2749993 0.1300000
v 0.0432364 0.2749993 0.1510000
v 0.0367696 0.2681802 0.1300000
v 0.0367696 0.2681802 0.1510000
v 0.0288897 0.2625839 0.1300000
v 0.0288897 0.2625839 0.1510000
v 0.0198995 0.2584254 0.1300000
v 0.0198995 0.2584254 0.1510000
v 0.0101447 0.2558647 0.1300000
v 0.0101447 0.2558647 0.1510000
v 0.0000000 0.2550000 0.1300000
v 0.0000000 0.2550000 0.1510000
v -0.0101447 0.2558647 0.1300000
v -0.0101447 0.2558647 0.1510000
v -0.0198995 0.2584254 0.1300000
v -0.0198995 0.2584254 0.1510000
v -0.0288897 0.2625839 0.1300000
v -0.0288897 0.2625839 0.1510000
v -0.0367696 0.2681802 0.1300000
v -0.0367696 0.2681802 0.1510000
v -0.0432364 0.2749993 0.1300000
v -0.0432364 0.2749993 0.1510000
v -0.0480417 0.2827792 0.1300000
v -0.0480417 0.2827792 0.1510000
v -0.0510008 0.2912209 0.1300000
v -0.0510008 0.2912209 0.1510000
v -0.0520000 0.3000000 0.1300000
v -0.0520000 0.3000000 0.1510000
v -0.0510008 0.3087791 0.1300000
v -0.0510008 0.3087791 0.1510000
v -0.0480417 0.3172208 0.1300000
v -0.0480417 0.3172208 0.1510000
v -0.0432364 0.3250007 0.1300000
v -0.0432364 0.3250007 0.1510000
v -0.0367696 0.3318198 0.1300000
v -0.0367696 0.3318198 0.1510000
v -0.0288897 0.3374161 0.1300000
v -0.0288897 0.3374161 0.1510000
v -0.0198995 0.3415746 0.1300000
v -0.0198995 0.3415746 0.1510000
v -0.0101447 0.3441353 0.1300000
v -0.0101447 0.3441353 0.1510000
v 0.0000000 0.3000000 0.1300000
v 0.0000000 0.3000000 0.1510000
vt 0.3750000 0.9560000
vt 0.4171654 0.9520989
vt 0.4582676 0.9404622
vt 0.4972846 0.9212891
vt 0.5332753 0.8949076
vt 0.5654141 0.8617691
vt 0.5930190 0.8224407
vt 0.6155727 0.7775952
vt 0.6327344 0.7280000
vt 0.6443423 0.6745036
vt 0.6504078 0.6180215
vt 0.6511005 0.5595199
vt 0.6467273 0.5000000
vt 0.6377047 0.4404801
vt 0.6245290 0.3819785
vt 0.6077442 0.3254964
vt 0.5879110 0.2720000
vt 0.5655787 0.2224048
vt 0.5412614 0.1775593
vt 0.5154201 0.1382309
vt 0.4884519 0.1050924
vt 0.4606865 0.0787109
vt 0.4323888 0.0595378
vt 0.4037696 0.0479011
vt 0.3750000 0.0440000
vt 0.3462304 0.0479011
vt 0.3176112 0.0595378
vt 0.2893135 0.0787109
vt 0.2615481 0.1050924
vt 0.2345799 0.1382309
vt 0.2087386 0.1775593
vt 0.1844213 0.2224048
vt 0.1620890 0.2720000
vt 0.1422558 0.3254964
vt 0.1254710 0.3819785
vt 0.1122953 0.4404801
vt 0.1032727 0.5000000
vt 0.0988995 0.5595199
vt 0.0995922 0.6180215
vt 0.1056577 0.6745036
vt 0.1172656 0.7280000
vt 0.1344273 0.7775952
vt 0.1569810 0.8224407
vt 0.1845859 0.8617691
vt 0.2167247 0.8949076
vt 0.2527154 0.9212891
vt 0.2917324 0.9404622
vt 0.3328346 0.9520989
vt 0.3750000 0.9560000
vt 0.3328346 0.9520989
vt 0.2917324 0.9404622
vt 0.2527154 0.9212891
vt 0.2167247 0.8949076
vt 0.1845859 0.8617691
vt 0.1569810 0.8224407
vt 0.1344273 0.7775952
vt 0.1172656 0.7280000
vt 0.1056577 0.6745036
vt 0.0995922 0.6180215
vt 0.0988995 0.5595199
vt 0.1032727 0.5000000
vt 0.1122953 0.4404801
vt 0.1254710 0.3819785
vt 0.1422558 0.3254964
vt 0.1620890 0.2720000
vt 0.1844213 0.2224048
vt 0.2087386 0.1775593
vt 0.2345799 0.1382309
vt 0.2615481 0.1050924
vt 0.2893135 0.0787109
vt 0.3176112 0.0595378
vt 0.3462304 0.0479011
vt 0.3750000 0.0440000
vt 0.4037696 0.0479011
vt 0.4323888 0.0595378
vt 0.4606865 0.0787109
vt 0.4884519 0.1050924
vt 0.5154201 0.1382309
vt 0.5412614 0.1775593
vt 0.5655787 0.2224048
vt 0.5879110 0.2720000
vt 0.6077442 0.3254964
vt 0.6245290 0.3819785
vt 0.6377047 0.4404801
vt 0.6467273 0.5000000
vt 0.6511005 0.5595199
vt 0.6504078 0.6180215
vt 0.6443423 0.6745036
vt 0.6327344 0.7280000
vt 0.6155727 0.7775952
vt 0.5930190 0.8224407
vt 0.5654141 0.8617691
vt 0.5332753 0.8949076
vt 0.4972846 0.9212891
vt 0.4582676 0.9404622
vt 0.4171654 0.9520989
vt 0.3750000 0.5000000
vt 0.3750000 0.5000000
vt 0.0250000 0.6710000
vt 0.0250000 0.5950000
vt 0.0250000 0.2720000
vt 0.0359375 0.6710000
vt 0.0359375 0.5950000
vt 0.0359375 0.2720000
vt 0.0468750 0.6710000
vt 0.0468750 0.5950000
vt 0.0468750 0.2720000
vt 0.0578125 0.6710000
vt 0.0578125 0.5950000
vt 0.0578125 0.2720000
vt 0.0687500 0.6710000
vt 0.0687500 0.5950000
vt 0.0687500 0.2720000
vt 0.0796875 0.6710000
vt 0.0796875 0.5950000
vt 0.0796875 0.2720000
vt 0.0906250 0.6710000
vt 0.0906250 0.5950000
vt 0.0906250 0.2720000
vt 0.1015625 0.6710000
vt 0.1015625 0.5950000
vt 0.1015625 0.2720000
vt 0.1125000 0.6710000
vt 0.1125000 0.5950000
vt 0.1125000 0.2720000
vt 0.1234375 0.6710000
vt 0.1234375 0.5950000
vt 0.1234375 0.2720000
vt 0.1343750 0.6710000
vt 0.1343750 0.5950000
vt 0.1343750 0.2720000
vt 0.1453125 0.6710000
vt 0.1453125 0.5950000
vt 0.1453125 0.2720000
vt 0.1562500 0.6710000
vt 0.1562500 0.5950000
vt 0.1562500 0.2720000
vt 0.1671875 0.6710000
vt 0.1671875 0.5950000
vt 0.1671875 0.2720000
vt 0.1781250 0.6710000
vt 0.1781250 0.5950000
vt 0.1781250 0.2720000
vt 0.1890625 0.6710000
vt 0.1890625 0.5950000
vt 0.1890625 0.2720000
vt 0.2000000 0.6710000
vt 0.2000000 0.5950000
vt 0.2000000 0.2720000
vt 0.2109375 0.6710000
vt 0.2109375 0.5950000
vt 0.2109375 0.2720000
vt 0.2218750 0.6710000
vt 0.2218750 0.5950000
vt 0.2218750 0.2720000
vt 0.2328125 0.6710000
vt 0.2328125 0.5950000
vt 0.2328125 0.2720000
vt 0.2437500 0.6710000
vt 0.2437500 0.5950000
vt 0.2437500 0.2720000
vt 0.2546875 0.6710000
vt 0.2546875 0.5950000
vt 0.2546875 0.2720000
vt 0.2656250 0.6710000
vt 0.2656250 0.5950000
vt 0.2656250 0.2720000
vt 0.2765625 0.6710000
vt 0.2765625 0.5950000
vt 0.2765625 0.2720000
vt 0.2875000 0.6710000
vt 0.2875000 0.5950000
vt 0.2875000 0.2720000
vt 0.2984375 0.6710000
vt 0.2984375 0.5950000
vt 0.2984375 0.2720000
vt 0.3093750 0.6710000
vt 0.3093750 0.5950000
vt 0.3093750 0.2720000
vt 0.3203125 0.6710000
vt 0.3203125 0.5950000
vt 0.3203125 0.2720000
vt 0.3312500 0.6710000
vt 0.3312500 0.5950000
vt 0.3312500 0.2720000
vt 0.3421875 0.6710000
vt 0.3421875 0.5950000
vt 0.3421875 0.2720000
vt 0.3531250 0.6710000
vt 0.3531250 0.5950000
vt 0.3531250 0.2720000
vt 0.3640625 0.6710000
vt 0.3640625 0.5950000
vt 0.3640625 0.2720000
vt 0.3750000 0.6710000
vt 0.3750000 0.5950000
vt 0.3750000 0.2720000
vt 0.3859375 0.6710000
vt 0.3859375 0.5950000
vt 0.3859375 0.2720000
vt 0.3968750 0.6710000
vt 0.3968750 0.5950000
vt 0.3968750 0.2720000
vt 0.4078125 0.6710000
vt 0.4078125 0.5950000
vt 0.4078125 0.2720000
vt 0.4187500 0.6710000
vt 0.4187500 0.5950000
vt 0.4187500 0.2720000
vt 0.4296875 0.6710000
vt 0.4296875 0.5950000
vt 0.4296875 0.2720000
vt 0.4406250 0.6710000
vt 0.4406250 0.5950000
vt 0.4406250 0.2720000
vt 0.4515625 0.6710000
vt 0.4515625 0.5950000
vt 0.4515625 0.2720000
vt 0.4625000 0.6710000
vt 0.4625000 0.5950000
vt 0.4625000 0.2720000
vt 0.4734375 0.6710000
vt 0.4734375 0.5950000
vt 0.4734375 0.2720000
vt 0.4843750 0.6710000
vt 0.4843750 0.5950000
vt 0.4843750 0.2720000
vt 0.4953125 0.6710000
vt 0.4953125 0.5950000
vt 0.4953125 0.2720000
vt 0.5062500 0.6710000
vt 0.5062500 0.5950000
vt 0.5062500 0.2720000
vt 0.5171875 0.6710000
vt 0.5171875 0.5950000
vt 0.5171875 0.2720000
vt 0.5281250 0.6710000
vt 0.5281250 0.5950000
vt 0.5281250 0.2720000
vt 0.5390625 0.6710000
vt 0.5390625 0.5950000
vt 0.5390625 0.2720000
vt 0.5500000 0.6710000
vt 0.5500000 0.5950000
vt 0.5500000 0.2720000
vt 0.5609375 0.6710000
vt 0.5609375 0.5950000
vt 0.5609375 0.2720000
vt 0.5718750 0.6710000
vt 0.5718750 0.5950000
vt 0.5718750 0.2720000
vt 0.5828125 0.6710000
vt 0.5828125 0.5950000
vt 0.5828125 0.2720000
vt 0.5937500 0.6710000
vt 0.5937500 0.5950000
vt 0.5937500 0.2720000
vt 0.6046875 0.6710000
vt 0.6046875 0.5950000
vt 0.6046875 0.2720000
vt 0.6156250 0.6710000
vt 0.6156250 0.5950000
vt 0.6156250 0.2720000
vt 0.6265625 0.6710000
vt 0.6265625 0.5950000
vt 0.6265625 0.2720000
vt 0.6375000 0.6710000
vt 0.6375000 0.5950000
vt 0.6375000 0.2720000
vt 0.6484375 0.6710000
vt 0.6484375 0.5950000
vt 0.6484375 0.2720000
vt 0.6593750 0.6710000
vt 0.6593750 0.5950000
vt 0.6593750 0.2720000
vt 0.6703125 0.6710000
vt 0.6703125 0.5950000
vt 0.6703125 0.2720000
vt 0.6812500 0.6710000
vt 0.6812500 0.5950000
vt 0.6812500 0.2720000
vt 0.6921875 0.6710000
vt 0.6921875 0.5950000
vt 0.6921875 0.2720000
vt 0.7031250 0.6710000
vt 0.7031250 0.5950000
vt 0.7031250 0.2720000
vt 0.7140625 0.6710000
vt 0.7140625 0.5950000
vt 0.7140625 0.2720000
vt 0.0250000 0.5560500
vt 0.0359375 0.5560500
vt 0.0468750 0.5560500
vt 0.0578125 0.5560500
vt 0.0687500 0.5560500
vt 0.0796875 0.5560500
vt 0.0906250 0.5560500
vt 0.1015625 0.5560500
vt 0.1125000 0.5560500
vt 0.1234375 0.5560500
vt 0.1343750 0.5560500
vt 0.1453125 0.5560500
vt 0.1562500 0.5560500
vt 0.1671875 0.5560500
vt 0.1781250 0.5560500
vt 0.1890625 0.5560500
vt 0.2000000 0.5560500
vt 0.2109375 0.5560500
vt 0.2218750 0.5560500
vt 0.2328125 0.5560500
vt 0.2437500 0.5560500
vt 0.2546875 0.5560500
vt 0.2656250 0.5560500
vt 0.2765625 0.5560500
vt 0.2875000 0.5560500
vt 0.2984375 0.5560500
vt 0.3093750 0.5560500
vt 0.3203125 0.5560500
vt 0.3312500 0.5560500
vt 0.3421875 0.5560500
vt 0.3531250 0.5560500
vt 0.3640625 0.5560500
vt 0.3750000 0.5560500
vt 0.3859375 0.5560500
vt 0.3968750 0.5560500
vt 0.4078125 0.5560500
vt 0.4187500 0.5560500
vt 0.4296875 0.5560500
vt 0.4406250 0.5560500
vt 0.4515625 0.5560500
vt 0.4625000 0.5560500
vt 0.4734375 0.5560500
vt 0.4843750 0.5560500
vt 0.4953125 0.5560500
vt 0.5062500 0.5560500
vt 0.5171875 0.5560500
vt 0.5281250 0.5560500
vt 0.5390625 0.5560500
vt 0.5500000 0.5560500
vt 0.5609375 0.5560500
vt 0.5718750 0.5560500
vt 0.5828125 0.5560500
vt 0.5937500 0.5560500
vt 0.6046875 0.5560500
vt 0.6156250 0.5560500
vt 0.6265625 0.5560500
vt 0.6375000 0.5560500
vt 0.6484375 0.5560500
vt 0.6593750 0.5560500
vt 0.6703125 0.5560500
vt 0.6812500 0.5560500
vt 0.6921875 0.5560500
vt 0.7031250 0.5560500
vt 0.7140625 0.5560500
vt 0.0250000 0.5171000
vt 0.0359375 0.5171000
vt 0.0468750 0.5171000
vt 0.0578125 0.5171000
vt 0.0687500 0.5171000
vt 0.0796875 0.5171000
vt 0.0906250 0.5171000
vt 0.1015625 0.5171000
vt 0.1125000 0.5171000
vt 0.1234375 0.5171000
vt 0.1343750 0.5171000
vt 0.1453125 0.5171000
vt 0.1562500 0.5171000
vt 0.1671875 0.5171000
vt 0.1781250 0.5171000
vt 0.1890625 0.5171000
vt 0.2000000 0.5171000
vt 0.2109375 0.5171000
vt 0.2218750 0.5171000
vt 0.2328125 0.5171000
vt 0.2437500 0.5171000
vt 0.2546875 0.5171000
vt 0.2656250 0.5171000
vt 0.2765625 0.5171000
vt 0.2875000 0.5171000
vt 0.2984375 0.5171000
vt 0.3093750 0.5171000
vt 0.3203125 0.5171000
vt 0.3312500 0.5171000
vt 0.3421875 0.5171000
vt 0.3531250 0.5171000
vt 0.3640625 0.5171000
vt 0.3750000 0.5171000
vt 0.3859375 0.5171000
vt 0.3968750 0.5171000
vt 0.4078125 0.5171000
vt 0.4187500 0.5171000
vt 0.4296875 0.5171000
vt 0.4406250 0.5171000
vt 0.4515625 0.5171000
vt 0.4625000 0.5171000
vt 0.4734375 0.5171000
vt 0.4843750 0.5171000
vt 0.4953125 0.5171000
vt 0.5062500 0.5171000
vt 0.5171875 0.5171000
vt 0.5281250 0.5171000
vt 0.5390625 0.5171000
vt 0.5500000 0.5171000
vt 0.5609375 0.5171000
vt 0.5718750 0.5171000
vt 0.5828125 0.5171000
vt 0.5937500 0.5171000
vt 0.6046875 0.5171000
vt 0.6156250 0.5171000
vt 0.6265625 0.5171000
vt 0.6375000 0.5171000
vt 0.6484375 0.5171000
vt 0.6593750 0.5171000
vt 0.6703125 0.5171000
vt 0.6812500 0.5171000
vt 0.6921875 0.5171000
vt 0.7031250 0.5171000
vt 0.7140625 0.5171000
vt 0.0250000 0.4781500
vt 0.0359375 0.4781500
vt 0.0468750 0.4781500
vt 0.0578125 0.4781500
vt 0.0687500 0.4781500
vt 0.0796875 0.4781500
vt 0.0906250 0.4781500
vt 0.1015625 0.4781500
vt 0.1125000 0.4781500
vt 0.1234375 0.4781500
vt 0.1343750 0.4781500
vt 0.1453125 0.4781500
vt 0.1562500 0.4781500
vt 0.1671875 0.4781500
vt 0.1781250 0.4781500
vt 0.1890625 0.4781500
vt 0.2000000 0.4781500
vt 0.2109375 0.4781500
vt 0.2218750 0.4781500
vt 0.2328125 0.4781500
vt 0.2437500 0.4781500
vt 0.2546875 0.4781500
vt 0.2656250 0.4781500
vt 0.2765625 0.4781500
vt 0.2875000 0.4781500
vt 0.2984375 0.4781500
vt 0.3093750 0.4781500
vt 0.3203125 0.4781500
vt 0.3312500 0.4781500
vt 0.3421875 0.4781500
vt 0.3531250 0.4781500
vt 0.3640625 0.4781500
vt 0.3750000 0.4781500
vt 0.3859375 0.4781500
vt 0.3968750 0.4781500
vt 0.4078125 0.4781500
vt 0.4187500 0.4781500
vt 0.4296875 0.4781500
vt 0.4406250 0.4781500
vt 0.4515625 0.4781500
vt 0.4625000 0.4781500
vt 0.4734375 0.4781500
vt 0.4843750 0.4781500
vt 0.4953125 0.4781500
vt 0.5062500 0.4781500
vt 0.5171875 0.4781500
vt 0.5281250 0.4781500
vt 0.5390625 0.4781500
vt 0.5500000 0.4781500
vt 0.5609375 0.4781500
vt 0.5718750 0.4781500
vt 0.5828125 0.4781500
vt 0.5937500 0.4781500
vt 0.6046875 0.4781500
vt 0.6156250 0.4781500
vt 0.6265625 0.4781500
vt 0.6375000 0.4781500
vt 0.6484375 0.4781500
vt 0.6593750 0.4781500
vt 0.6703125 0.4781500
vt 0.6812500 0.4781500
vt 0.6921875 0.4781500
vt 0.7031250 0.4781500
vt 0.7140625 0.4781500
vt 0.0250000 0.4392000
vt 0.0359375 0.4392000
vt 0.0468750 0.4392000
vt 0.0578125 0.4392000
vt 0.0687500 0.4392000
vt 0.0796875 0.4392000
vt 0.0906250 0.4392000
vt 0.1015625 0.4392000
vt 0.1125000 0.4392000
vt 0.1234375 0.4392000
vt 0.1343750 0.4392000
vt 0.1453125 0.4392000
vt 0.1562500 0.4392000
vt 0.1671875 0.4392000
vt 0.1781250 0.4392000
vt 0.1890625 0.4392000
vt 0.2000000 0.4392000
vt 0.2109375 0.4392000
vt 0.2218750 0.4392000
vt 0.2328125 0.4392000
vt 0.2437500 0.4392000
vt 0.2546875 0.4392000
vt 0.2656250 0.4392000
vt 0.2765625 0.4392000
vt 0.2875000 0.4392000
vt 0.2984375 0.4392000
vt 0.3093750 0.4392000
vt 0.3203125 0.4392000
vt 0.3312500 0.4392000
vt 0.3421875 0.4392000
vt 0.3531250 0.4392000
vt 0.3640625 0.4392000
vt 0.3750000 0.4392000
vt 0.3859375 0.4392000
vt 0.3968750 0.4392000
vt 0.4078125 0.4392000
vt 0.4187500 0.4392000
vt 0.4296875 0.4392000
vt 0.4406250 0.4392000
vt 0.4515625 0.4392000
vt 0.4625000 0.4392000
vt 0.4734375 0.4392000
vt 0.4843750 0.4392000
vt 0.4953125 0.4392000
vt 0.5062500 0.4392000
vt 0.5171875 0.4392000
vt 0.5281250 0.4392000
vt 0.5390625 0.4392000
vt 0.5500000 0.4392000
vt 0.5609375 0.4392000
vt 0.5718750 0.4392000
vt 0.5828125 0.4392000
vt 0.5937500 0.4392000
vt 0.6046875 0.4392000
vt 0.6156250 0.4392000
vt 0.6265625 0.4392000
vt 0.6375000 0.4392000
vt 0.6484375 0.4392000
vt 0.6593750 0.4392000
vt 0.6703125 0.4392000
vt 0.6812500 0.4392000
vt 0.6921875 0.4392000
vt 0.7031250 0.4392000
vt 0.7140625 0.4392000
vt 0.0250000 0.4002500
vt 0.0359375 0.4002500
vt 0.0468750 0.4002500
vt 0.0578125 0.4002500
vt 0.0687500 0.4002500
vt 0.0796875 0.4002500
vt 0.0906250 0.4002500
vt 0.1015625 0.4002500
vt 0.1125000 0.4002500
vt 0.1234375 0.4002500
vt 0.1343750 0.4002500
vt 0.1453125 0.4002500
vt 0.1562500 0.4002500
vt 0.1671875 0.4002500
vt 0.1781250 0.4002500
vt 0.1890625 0.4002500
vt 0.2000000 0.4002500
vt 0.2109375 0.4002500
vt 0.2218750 0.4002500
vt 0.2328125 0.4002500
vt 0.2437500 0.4002500
vt 0.2546875 0.4002500
vt 0.2656250 0.4002500
vt 0.2765625 0.4002500
vt 0.2875000 0.4002500
vt 0.2984375 0.4002500
vt 0.3093750 0.4002500
vt 0.3203125 0.4002500
vt 0.3312500 0.4002500
vt 0.3421875 0.4002500
vt 0.3531250 0.4002500
vt 0.3640625 0.4002500
vt 0.3750000 0.4002500
vt 0.3859375 0.4002500
vt 0.3968750 0.4002500
vt 0.4078125 0.4002500
vt 0.4187500 0.4002500
vt 0.4296875 0.4002500
vt 0.4406250 0.4002500
vt 0.4515625 0.4002500
vt 0.4625000 0.4002500
vt 0.4734375 0.4002500
vt 0.4843750 0.4002500
vt 0.4953125 0.4002500
vt 0.5062500 0.4002500
vt 0.5171875 0.4002500
vt 0.5281250 0.4002500
vt 0.5390625 0.4002500
vt 0.5500000 0.4002500
vt 0.5609375 0.4002500
vt 0.5718750 0.4002500
vt 0.5828125 0.4002500
vt 0.5937500 0.4002500
vt 0.6046875 0.4002500
vt 0.6156250 0.4002500
vt 0.6265625 0.4002500
vt 0.6375000 0.4002500
vt 0.6484375 0.4002500
vt 0.6593750 0.4002500
vt 0.6703125 0.4002500
vt 0.6812500 0.4002500
vt 0.6921875 0.4002500
vt 0.7031250 0.4002500
vt 0.7140625 0.4002500
vt 0.0250000 0.3613000
vt 0.0359375 0.3613000
vt 0.0468750 0.3613000
vt 0.0578125 0.3613000
vt 0.0687500 0.3613000
vt 0.0796875 0.3613000
vt 0.0906250 0.3613000
vt 0.1015625 0.3613000
vt 0.1125000 0.3613000
vt 0.1234375 0.3613000
vt 0.1343750 0.3613000
vt 0.1453125 0.3613000
vt 0.1562500 0.3613000
vt 0.1671875 0.3613000
vt 0.1781250 0.3613000
vt 0.1890625 0.3613000
vt 0.2000000 0.3613000
vt 0.2109375 0.3613000
vt 0.2218750 0.3613000
vt 0.2328125 0.3613000
vt 0.2437500 0.3613000
vt 0.2546875 0.3613000
vt 0.2656250 0.3613000
vt 0.2765625 0.3613000
vt 0.2875000 0.3613000
vt 0.2984375 0.3613000
vt 0.3093750 0.3613000
vt 0.3203125 0.3613000
vt 0.3312500 0.3613000
vt 0.3421875 0.3613000
vt 0.3531250 0.3613000
vt 0.3640625 0.3613000
vt 0.3750000 0.3613000
vt 0.3859375 0.3613000
vt 0.3968750 0.3613000
vt 0.4078125 0.3613000
vt 0.4187500 0.3613000
vt 0.4296875 0.3613000
vt 0.4406250 0.3613000
vt 0.4515625 0.3613000
vt 0.4625000 0.3613000
vt 0.4734375 0.3613000
vt 0.4843750 0.3613000
vt 0.4953125 0.3613000
vt 0.5062500 0.3613000
vt 0.5171875 0.3613000
vt 0.5281250 0.3613000
vt 0.5390625 0.3613000
vt 0.5500000 0.3613000
vt 0.5609375 0.3613000
vt 0.5718750 0.3613000
vt 0.5828125 0.3613000
vt 0.5937500 0.3613000
vt 0.6046875 0.3613000
vt 0.6156250 0.3613000
vt 0.6265625 0.3613000
vt 0.6375000 0.3613000
vt 0.6484375 0.3613000
vt 0.6593750 0.3613000
vt 0.6703125 0.3613000
vt 0.6812500 0.3613000
vt 0.6921875 0.3613000
vt 0.7031250 0.3613000
vt 0.7140625 0.3613000
vt 0.0250000 0.3223500
vt 0.0359375 0.3223500
vt 0.0468750 0.3223500
vt 0.0578125 0.3223500
vt 0.0687500 0.3223500
vt 0.0796875 0.3223500
vt 0.0906250 0.3223500
vt 0.1015625 0.3223500
vt 0.1125000 0.3223500
vt 0.1234375 0.3223500
vt 0.1343750 0.3223500
vt 0.1453125 0.3223500
vt 0.1562500 0.3223500
vt 0.1671875 0.3223500
vt 0.1781250 0.3223500
vt 0.1890625 0.3223500
vt 0.2000000 0.3223500
vt 0.2109375 0.3223500
vt 0.2218750 0.3223500
vt 0.2328125 0.3223500
vt 0.2437500 0.3223500
vt 0.2546875 0.3223500
vt 0.2656250 0.3223500
vt 0.2765625 0.3223500
vt 0.2875000 0.3223500
vt 0.2984375 0.3223500
vt 0.3093750 0.3223500
vt 0.3203125 0.3223500
vt 0.3312500 0.3223500
vt 0.3421875 0.3223500
vt 0.3531250 0.3223500
vt 0.3640625 0.3223500
vt 0.3750000 0.3223500
vt 0.3859375 0.3223500
vt 0.3968750 0.3223500
vt 0.4078125 0.3223500
vt 0.4187500 0.3223500
vt 0.4296875 0.3223500
vt 0.4406250 0.3223500
vt 0.4515625 0.3223500
vt 0.4625000 0.3223500
vt 0.4734375 0.3223500
vt 0.4843750 0.3223500
vt 0.4953125 0.3223500
vt 0.5062500 0.3223500
vt 0.5171875 0.3223500
vt 0.5281250 0.3223500
vt 0.5390625 0.3223500
vt 0.5500000 0.3223500
vt 0.5609375 0.3223500
vt 0.5718750 0.3223500
vt 0.5828125 0.3223500
vt 0.5937500 0.3223500
vt 0.6046875 0.3223500
vt 0.6156250 0.3223500
vt 0.6265625 0.3223500
vt 0.6375000 0.3223500
vt 0.6484375 0.3223500
vt 0.6593750 0.3223500
vt 0.6703125 0.3223500
vt 0.6812500 0.3223500
vt 0.6921875 0.3223500
vt 0.7031250 0.3223500
vt 0.7140625 0.3223500
vt 0.0250000 0.2834000
vt 0.0359375 0.2834000
vt 0.0468750 0.2834000
vt 0.0578125 0.2834000
vt 0.0687500 0.2834000
vt 0.0796875 0.2834000
vt 0.0906250 0.2834000
vt 0.1015625 0.2834000
vt 0.1125000 0.2834000
vt 0.1234375 0.2834000
vt 0.1343750 0.2834000
vt 0.1453125 0.2834000
vt 0.1562500 0.2834000
vt 0.1671875 0.2834000
vt 0.1781250 0.2834000
vt 0.1890625 0.2834000
vt 0.2000000 0.2834000
vt 0.2109375 0.2834000
vt 0.2218750 0.2834000
vt 0.2328125 0.2834000
vt 0.2437500 0.2834000
vt 0.2546875 0.2834000
vt 0.2656250 0.2834000
vt 0.2765625 0.2834000
vt 0.2875000 0.2834000
vt 0.2984375 0.2834000
vt 0.3093750 0.2834000
vt 0.3203125 0.2834000
vt 0.3312500 0.2834000
vt 0.3421875 0.2834000
vt 0.3531250 0.2834000
vt 0.3640625 0.2834000
vt 0.3750000 0.2834000
vt 0.3859375 0.2834000
vt 0.3968750 0.2834000
vt 0.4078125 0.2834000
vt 0.4187500 0.2834000
vt 0.4296875 0.2834000
vt 0.4406250 0.2834000
vt 0.4515625 0.2834000
vt 0.4625000 0.2834000
vt 0.4734375 0.2834000
vt 0.4843750 0.2834000
vt 0.4953125 0.2834000
vt 0.5062500 0.2834000
vt 0.5171875 0.2834000
vt 0.5281250 0.2834000
vt 0.5390625 0.2834000
vt 0.5500000 0.2834000
vt 0.5609375 0.2834000
vt 0.5718750 0.2834000
vt 0.5828125 0.2834000
vt 0.5937500 0.2834000
vt 0.6046875 0.2834000
vt 0.6156250 0.2834000
vt 0.6265625 0.2834000
vt 0.6375000 0.2834000
vt 0.6484375 0.2834000
vt 0.6593750 0.2834000
vt 0.6703125 0.2834000
vt 0.6812500 0.2834000
vt 0.6921875 0.2834000
vt 0.7031250 0.2834000
vt 0.7140625 0.2834000
vt 0.0250000 0.2444500
vt 0.0359375 0.2444500
vt 0.0468750 0.2444500
vt 0.0578125 0.2444500
vt 0.0687500 0.2444500
vt 0.0796875 0.2444500
vt 0.0906250 0.2444500
vt 0.1015625 0.2444500
vt 0.1125000 0.2444500
vt 0.1234375 0.2444500
vt 0.1343750 0.2444500
vt 0.1453125 0.2444500
vt 0.1562500 0.2444500
vt 0.1671875 0.2444500
vt 0.1781250 0.2444500
vt 0.1890625 0.2444500
vt 0.2000000 0.2444500
vt 0.2109375 0.2444500
vt 0.2218750 0.2444500
vt 0.2328125 0.2444500
vt 0.2437500 0.2444500
vt 0.2546875 0.2444500
vt 0.2656250 0.2444500
vt 0.2765625 0.2444500
vt 0.2875000 0.2444500
vt 0.2984375 0.2444500
vt 0.3093750 0.2444500
vt 0.3203125 0.2444500
vt 0.3312500 0.2444500
vt 0.3421875 0.2444500
vt 0.3531250 0.2444500
vt 0.3640625 0.2444500
vt 0.3750000 0.2444500
vt 0.3859375 0.2444500
vt 0.3968750 0.2444500
vt 0.4078125 0.2444500
vt 0.4187500 0.2444500
vt 0.4296875 0.2444500
vt 0.4406250 0.2444500
vt 0.4515625 0.2444500
vt 0.4625000 0.2444500
vt 0.4734375 0.2444500
vt 0.4843750 0.2444500
vt 0.4953125 0.2444500
vt 0.5062500 0.2444500
vt 0.5171875 0.2444500
vt 0.5281250 0.2444500
vt 0.5390625 0.2444500
vt 0.5500000 0.2444500
vt 0.5609375 0.2444500
vt 0.5718750 0.2444500
vt 0.5828125 0.2444500
vt 0.5937500 0.2444500
vt 0.6046875 0.2444500
vt 0.6156250 0.2444500
vt 0.6265625 0.2444500
vt 0.6375000 0.2444500
vt 0.6484375 0.2444500
vt 0.6593750 0.2444500
vt 0.6703125 0.2444500
vt 0.6812500 0.2444500
vt 0.6921875 0.2444500
vt 0.7031250 0.2444500
vt 0.7140625 0.2444500
vt 0.0250000 0.2055000
vt 0.0359375 0.2055000
vt 0.0468750 0.2055000
vt 0.0578125 0.2055000
vt 0.0687500 0.2055000
vt 0.0796875 0.2055000
vt 0.0906250 0.2055000
vt 0.1015625 0.2055000
vt 0.1125000 0.2055000
vt 0.1234375 0.2055000
vt 0.1343750 0.2055000
vt 0.1453125 0.2055000
vt 0.1562500 0.2055000
vt 0.1671875 0.2055000
vt 0.1781250 0.2055000
vt 0.1890625 0.2055000
vt 0.2000000 0.2055000
vt 0.2109375 0.2055000
vt 0.2218750 0.2055000
vt 0.2328125 0.2055000
vt 0.2437500 0.2055000
vt 0.2546875 0.2055000
vt 0.2656250 0.2055000
vt 0.2765625 0.2055000
vt 0.2875000 0.2055000
vt 0.2984375 0.2055000
vt 0.3093750 0.2055000
vt 0.3203125 0.2055000
vt 0.3312500 0.2055000
vt 0.3421875 0.2055000
vt 0.3531250 0.2055000
vt 0.3640625 0.2055000
vt 0.3750000 0.2055000
vt 0.3859375 0.2055000
vt 0.3968750 0.2055000
vt 0.4078125 0.2055000
vt 0.4187500 0.2055000
vt 0.4296875 0.2055000
vt 0.4406250 0.2055000
vt 0.4515625 0.2055000
vt 0.4625000 0.2055000
vt 0.4734375 0.2055000
vt 0.4843750 0.2055000
vt 0.4953125 0.2055000
vt 0.5062500 0.2055000
vt 0.5171875 0.2055000
vt 0.5281250 0.2055000
vt 0.5390625 0.2055000
vt 0.5500000 0.2055000
vt 0.5609375 0.2055000
vt 0.5718750 0.2055000
vt 0.5828125 0.2055000
vt 0.5937500 0.2055000
vt 0.6046875 0.2055000
vt 0.6156250 0.2055000
vt 0.6265625 0.2055000
vt 0.6375000 0.2055000
vt 0.6484375 0.2055000
vt 0.6593750 0.2055000
vt 0.6703125 0.2055000
vt 0.6812500 0.2055000
vt 0.6921875 0.2055000
vt 0.7031250 0.2055000
vt 0.7140625 0.2055000
vt 0.0250000 0.1665500
vt 0.0359375 0.1665500
vt 0.0468750 0.1665500
vt 0.0578125 0.1665500
vt 0.0687500 0.1665500
vt 0.0796875 0.1665500
vt 0.0906250 0.1665500
vt 0.1015625 0.1665500
vt 0.1125000 0.1665500
vt 0.1234375 0.1665500
vt 0.1343750 0.1665500
vt 0.1453125 0.1665500
vt 0.1562500 0.1665500
vt 0.1671875 0.1665500
vt 0.1781250 0.1665500
vt 0.1890625 0.1665500
vt 0.2000000 0.1665500
vt 0.2109375 0.1665500
vt 0.2218750 0.1665500
vt 0.2328125 0.1665500
vt 0.2437500 0.1665500
vt 0.2546875 0.1665500
vt 0.2656250 0.1665500
vt 0.2765625 0.1665500
vt 0.2875000 0.1665500
vt 0.2984375 0.1665500
vt 0.3093750 0.1665500
vt 0.3203125 0.1665500
vt 0.3312500 0.1665500
vt 0.3421875 0.1665500
vt 0.3531250 0.1665500
vt 0.3640625 0.1665500
vt 0.3750000 0.1665500
vt 0.3859375 0.1665500
vt 0.3968750 0.1665500
vt 0.4078125 0.1665500
vt 0.4187500 0.1665500
vt 0.4296875 0.1665500
vt 0.4406250 0.1665500
vt 0.4515625 0.1665500
vt 0.4625000 0.1665500
vt 0.4734375 0.1665500
vt 0.4843750 0.1665500
vt 0.4953125 0.1665500
vt 0.5062500 0.1665500
vt 0.5171875 0.1665500
vt 0.5281250 0.1665500
vt 0.5390625 0.1665500
vt 0.5500000 0.1665500
vt 0.5609375 0.1665500
vt 0.5718750 0.1665500
vt 0.5828125 0.1665500
vt 0.5937500 0.1665500
vt 0.6046875 0.1665500
vt 0.6156250 0.1665500
vt 0.6265625 0.1665500
vt 0.6375000 0.1665500
vt 0.6484375 0.1665500
vt 0.6593750 0.1665500
vt 0.6703125 0.1665500
vt 0.6812500 0.1665500
vt 0.6921875 0.1665500
vt 0.7031250 0.1665500
vt 0.7140625 0.1665500
vt 0.0250000 0.1276000
vt 0.0359375 0.1276000
vt 0.0468750 0.1276000
vt 0.0578125 0.1276000
vt 0.0687500 0.1276000
vt 0.0796875 0.1276000
vt 0.0906250 0.1276000
vt 0.1015625 0.1276000
vt 0.1125000 0.1276000
vt 0.1234375 0.1276000
vt 0.1343750 0.1276000
vt 0.1453125 0.1276000
vt 0.1562500 0.1276000
vt 0.1671875 0.1276000
vt 0.1781250 0.1276000
vt 0.1890625 0.1276000
vt 0.2000000 0.1276000
vt 0.2109375 0.1276000
vt 0.2218750 0.1276000
vt 0.2328125 0.1276000
vt 0.2437500 0.1276000
vt 0.2546875 0.1276000
vt 0.2656250 0.1276000
vt 0.2765625 0.1276000
vt 0.2875000 0.1276000
vt 0.2984375 0.1276000
vt 0.3093750 0.1276000
vt 0.3203125 0.1276000
vt 0.3312500 0.1276000
vt 0.3421875 0.1276000
vt 0.3531250 0.1276000
vt 0.3640625 0.1276000
vt 0.3750000 0.1276000
vt 0.3859375 0.1276000
vt 0.3968750 0.1276000
vt 0.4078125 0.1276000
vt 0.4187500 0.1276000
vt 0.4296875 0.1276000
vt 0.4406250 0.1276000
vt 0.4515625 0.1276000
vt 0.4625000 0.1276000
vt 0.4734375 0.1276000
vt 0.4843750 0.1276000
vt 0.4953125 0.1276000
vt 0.5062500 0.1276000
vt 0.5171875 0.1276000
vt 0.5281250 0.1276000
vt 0.5390625 0.1276000
vt 0.5500000 0.1276000
vt 0.5609375 0.1276000
vt 0.5718750 0.1276000
vt 0.5828125 0.1276000
vt 0.5937500 0.1276000
vt 0.6046875 0.1276000
vt 0.6156250 0.1276000
vt 0.6265625 0.1276000
vt 0.6375000 0.1276000
vt 0.6484375 0.1276000
vt 0.6593750 0.1276000
vt 0.6703125 0.1276000
vt 0.6812500 0.1276000
vt 0.6921875 0.1276000
vt 0.7031250 0.1276000
vt 0.7140625 0.1276000
vt 0.0250000 0.1200000
vt 0.0250000 0.8800000
vt 0.0468750 0.1200000
vt 0.0468750 0.8800000
vt 0.0687500 0.1200000
vt 0.0687500 0.8800000
vt 0.0906250 0.1200000
vt 0.0906250 0.8800000
vt 0.1125000 0.1200000
vt 0.1125000 0.8800000
vt 0.1343750 0.1200000
vt 0.1343750 0.8800000
vt 0.1562500 0.1200000
vt 0.1562500 0.8800000
vt 0.1781250 0.1200000
vt 0.1781250 0.8800000
vt 0.2000000 0.1200000
vt 0.2000000 0.8800000
vt 0.2218750 0.1200000
vt 0.2218750 0.8800000
vt 0.2437500 0.1200000
vt 0.2437500 0.8800000
vt 0.2656250 0.1200000
vt 0.2656250 0.8800000
vt 0.2875000 0.1200000
vt 0.2875000 0.8800000
vt 0.3093750 0.1200000
vt 0.3093750 0.8800000
vt 0.3312500 0.1200000
vt 0.3312500 0.8800000
vt 0.3531250 0.1200000
vt 0.3531250 0.8800000
vt 0.3750000 0.1200000
vt 0.3750000 0.8800000
vt 0.3968750 0.1200000
vt 0.3968750 0.8800000
vt 0.4187500 0.1200000
vt 0.4187500 0.8800000
vt 0.4406250 0.1200000
vt 0.4406250 0.8800000
vt 0.4625000 0.1200000
vt 0.4625000 0.8800000
vt 0.4843750 0.1200000
vt 0.4843750 0.8800000
vt 0.5062500 0.1200000
vt 0.5062500 0.8800000
vt 0.5281250 0.1200000
vt 0.5281250 0.8800000
vt 0.5500000 0.1200000
vt 0.5500000 0.8800000
vt 0.5718750 0.1200000
vt 0.5718750 0.8800000
vt 0.5937500 0.1200000
vt 0.5937500 0.8800000
vt 0.6156250 0.1200000
vt 0.6156250 0.8800000
vt 0.6375000 0.1200000
vt 0.6375000 0.8800000
vt 0.6593750 0.1200000
vt 0.6593750 0.8800000
vt 0.6812500 0.1200000
vt 0.6812500 0.8800000
vt 0.7031250 0.1200000
vt 0.7031250 0.8800000
vt 0.3750000 0.5000000
vt 0.3750000 0.5000000
vt 0.7650000 0.1200000
vt 0.7650000 0.8800000
vt 0.7743750 0.1200000
vt 0.7743750 0.8800000
vt 0.7837500 0.1200000
vt 0.7837500 0.8800000
vt 0.7931250 0.1200000
vt 0.7931250 0.8800000
vt 0.8025000 0.1200000
vt 0.8025000 0.8800000
vt 0.8118750 0.1200000
vt 0.8118750 0.8800000
vt 0.8212500 0.1200000
vt 0.8212500 0.8800000
vt 0.8306250 0.1200000
vt 0.8306250 0.8800000
vt 0.8400000 0.1200000
vt 0.8400000 0.8800000
vt 0.8493750 0.1200000
vt 0.8493750 0.8800000
vt 0.8587500 0.1200000
vt 0.8587500 0.8800000
vt 0.8681250 0.1200000
vt 0.8681250 0.8800000
vt 0.8775000 0.1200000
vt 0.8775000 0.8800000
vt 0.8868750 0.1200000
vt 0.8868750 0.8800000
vt 0.8962500 0.1200000
vt 0.8962500 0.8800000
vt 0.9056250 0.1200000
vt 0.9056250 0.8800000
vt 0.9150000 0.1200000
vt 0.9150000 0.8800000
vt 0.9243750 0.1200000
vt 0.9243750 0.8800000
vt 0.9337500 0.1200000
vt 0.9337500 0.8800000
vt 0.9431250 0.1200000
vt 0.9431250 0.8800000
vt 0.9525000 0.1200000
vt 0.9525000 0.8800000
vt 0.9618750 0.1200000
vt 0.9618750 0.8800000
vt 0.9712500 0.1200000
vt 0.9712500 0.8800000
vt 0.9806250 0.1200000
vt 0.9806250 0.8800000
vt 0.8775000 0.5000000
vt 0.8775000 0.5000000
vt 0.7650000 0.1200000
vt 0.7650000 0.8800000
vt 0.7720313 0.1200000
vt 0.7720313 0.8800000
vt 0.7790625 0.1200000
vt 0.7790625 0.8800000
vt 0.7860938 0.1200000
vt 0.7860938 0.8800000
vt 0.7931250 0.1200000
vt 0.7931250 0.8800000
vt 0.8001563 0.1200000
vt 0.8001563 0.8800000
vt 0.8071875 0.1200000
vt 0.8071875 0.8800000
vt 0.8142187 0.1200000
vt 0.8142187 0.8800000
vt 0.8212500 0.1200000
vt 0.8212500 0.8800000
vt 0.8282812 0.1200000
vt 0.8282812 0.8800000
vt 0.8353125 0.1200000
vt 0.8353125 0.8800000
vt 0.8423438 0.1200000
vt 0.8423438 0.8800000
vt 0.8493750 0.1200000
vt 0.8493750 0.8800000
vt 0.8564063 0.1200000
vt 0.8564063 0.8800000
vt 0.8634375 0.1200000
vt 0.8634375 0.8800000
vt 0.8704688 0.1200000
vt 0.8704688 0.8800000
vt 0.8775000 0.1200000
vt 0.8775000 0.8800000
vt 0.8845312 0.1200000
vt 0.8845312 0.8800000
vt 0.8915625 0.1200000
vt 0.8915625 0.8800000
vt 0.8985938 0.1200000
vt 0.8985938 0.8800000
vt 0.9056250 0.1200000
vt 0.9056250 0.8800000
vt 0.9126563 0.1200000
vt 0.9126563 0.8800000
vt 0.9196875 0.1200000
vt 0.9196875 0.8800000
vt 0.9267188 0.1200000
vt 0.9267188 0.8800000
vt 0.9337500 0.1200000
vt 0.9337500 0.8800000
vt 0.9407813 0.1200000
vt 0.9407813 0.8800000
vt 0.9478125 0.1200000
vt 0.9478125 0.8800000
vt 0.9548437 0.1200000
vt 0.9548437 0.8800000
vt 0.9618750 0.1200000
vt 0.9618750 0.8800000
vt 0.9689063 0.1200000
vt 0.9689063 0.8800000
vt 0.9759375 0.1200000
vt 0.9759375 0.8800000
vt 0.9829688 0.1200000
vt 0.9829688 0.8800000
vt 0.8775000 0.5000000
vt 0.8775000 0.5000000
vt 0.7650000 0.1675000
vt 0.7650000 0.8325000
vt 0.7730357 0.1675000
vt 0.7730357 0.8325000
vt 0.7810714 0.1675000
vt 0.7810714 0.8325000
vt 0.7891071 0.1675000
vt 0.7891071 0.8325000
vt 0.7971429 0.1675000
vt 0.7971429 0.8325000
vt 0.8051786 0.1675000
vt 0.8051786 0.8325000
vt 0.8132143 0.1675000
vt 0.8132143 0.8325000
vt 0.8212500 0.1675000
vt 0.8212500 0.8325000
vt 0.8292857 0.1675000
vt 0.8292857 0.8325000
vt 0.8373214 0.1675000
vt 0.8373214 0.8325000
vt 0.8453571 0.1675000
vt 0.8453571 0.8325000
vt 0.8533929 0.1675000
vt 0.8533929 0.8325000
vt 0.8614286 0.1675000
vt 0.8614286 0.8325000
vt 0.8694643 0.1675000
vt 0.8694643 0.8325000
vt 0.8775000 0.1675000
vt 0.8775000 0.8325000
vt 0.8855357 0.1675000
vt 0.8855357 0.8325000
vt 0.8935714 0.1675000
vt 0.8935714 0.8325000
vt 0.9016071 0.1675000
vt 0.9016071 0.8325000
vt 0.9096429 0.1675000
vt 0.9096429 0.8325000
vt 0.9176786 0.1675000
vt 0.9176786 0.8325000
vt 0.9257143 0.1675000
vt 0.9257143 0.8325000
vt 0.9337500 0.1675000
vt 0.9337500 0.8325000
vt 0.9417857 0.1675000
vt 0.9417857 0.8325000
vt 0.9498214 0.1675000
vt 0.9498214 0.8325000
vt 0.9578571 0.1675000
vt 0.9578571 0.8325000
vt 0.9658929 0.1675000
vt 0.9658929 0.8325000
vt 0.9739286 0.1675000
vt 0.9739286 0.8325000
vt 0.9819643 0.1675000
vt 0.9819643 0.8325000
vt 0.8775000 0.5000000
vt 0.8775000 0.5000000
vt 0.7650000 0.1675000
vt 0.7650000 0.8325000
vt 0.7720313 0.1675000
vt 0.7720313 0.8325000
vt 0.7790625 0.1675000
vt 0.7790625 0.8325000
vt 0.7860938 0.1675000
vt 0.7860938 0.8325000
vt 0.7931250 0.1675000
vt 0.7931250 0.8325000
vt 0.8001563 0.1675000
vt 0.8001563 0.8325000
vt 0.8071875 0.1675000
vt 0.8071875 0.8325000
vt 0.8142187 0.1675000
vt 0.8142187 0.8325000
vt 0.8212500 0.1675000
vt 0.8212500 0.8325000
vt 0.8282812 0.1675000
vt 0.8282812 0.8325000
vt 0.8353125 0.1675000
vt 0.8353125 0.8325000
vt 0.8423438 0.1675000
vt 0.8423438 0.8325000
vt 0.8493750 0.1675000
vt 0.8493750 0.8325000
vt 0.8564063 0.1675000
vt 0.8564063 0.8325000
vt 0.8634375 0.1675000
vt 0.8634375 0.8325000
vt 0.8704688 0.1675000
vt 0.8704688 0.8325000
vt 0.8775000 0.1675000
vt 0.8775000 0.8325000
vt 0.8845312 0.1675000
vt 0.8845312 0.8325000
vt 0.8915625 0.1675000
vt 0.8915625 0.8325000
vt 0.8985938 0.1675000
vt 0.8985938 0.8325000
vt 0.9056250 0.1675000
vt 0.9056250 0.8325000
vt 0.9126563 0.1675000
vt 0.9126563 0.8325000
vt 0.9196875 0.1675000
vt 0.9196875 0.8325000
vt 0.9267188 0.1675000
vt 0.9267188 0.8325000
vt 0.9337500 0.1675000
vt 0.9337500 0.8325000
vt 0.9407813 0.1675000
vt 0.9407813 0.8325000
vt 0.9478125 0.1675000
vt 0.9478125 0.8325000
vt 0.9548437 0.1675000
vt 0.9548437 0.8325000
vt 0.9618750 0.1675000
vt 0.9618750 0.8325000
vt 0.9689063 0.1675000
vt 0.9689063 0.8325000
vt 0.9759375 0.1675000
vt 0.9759375 0.8325000
vt 0.9829688 0.1675000
vt 0.9829688 0.8325000
vt 0.8775000 0.5000000
vt 0.8775000 0.5000000
g Urinal
f 97/97 2/2 1/1
f 98/98 49/49 50/50
f 1/1 2/2 50/50
f 1/1 50/50 49/49
f 97/97 3/3 2/2
f 98/98 50/50 51/51
f 2/2 3/3 51/51
f 2/2 51/51 50/50
f 97/97 4/4 3/3
f 98/98 51/51 52/52
f 3/3 4/4 52/52
f 3/3 52/52 51/51
f 97/97 5/5 4/4
f 98/98 52/52 53/53
f 4/4 5/5 53/53
f 4/4 53/53 52/52
f 97/97 6/6 5/5
f 98/98 53/53 54/54
f 5/5 6/6 54/54
f 5/5 54/54 53/53
f 97/97 7/7 6/6
f 98/98 54/54 55/55
f 6/6 7/7 55/55
f 6/6 55/55 54/54
f 97/97 8/8 7/7
f 98/98 55/55 56/56
f 7/7 8/8 56/56
f 7/7 56/56 55/55
f 97/97 9/9 8/8
f 98/98 56/56 57/57
f 8/8 9/9 57/57
f 8/8 57/57 56/56
f 97/97 10/10 9/9
f 98/98 57/57 58/58
f 9/9 10/10 58/58
f 9/9 58/58 57/57
f 97/97 11/11 10/10
f 98/98 58/58 59/59
f 10/10 11/11 59/59
f 10/10 59/59 58/58
f 97/97 12/12 11/11
f 98/98 59/59 60/60
f 11/11 12/12 60/60
f 11/11 60/60 59/59
f 97/97 13/13 12/12
f 98/98 60/60 61/61
f 12/12 13/13 61/61
f 12/12 61/61 60/60
f 97/97 14/14 13/13
f 98/98 61/61 62/62
f 13/13 14/14 62/62
f 13/13 62/62 61/61
f 97/97 15/15 14/14
f 98/98 62/62 63/63
f 14/14 15/15 63/63
f 14/14 63/63 62/62
f 97/97 16/16 15/15
f 98/98 63/63 64/64
f 15/15 16/16 64/64
f 15/15 64/64 63/63
f 97/97 17/17 16/16
f 98/98 64/64 65/65
f 16/16 17/17 65/65
f 16/16 65/65 64/64
f 97/97 18/18 17/17
f 98/98 65/65 66/66
f 17/17 18/18 66/66
f 17/17 66/66 65/65
f 97/97 19/19 18/18
f 98/98 66/66 67/67
f 18/18 19/19 67/67
f 18/18 67/67 66/66
f 97/97 20/20 19/19
f 98/98 67/67 68/68
f 19/19 20/20 68/68
f 19/19 68/68 67/67
f 97/97 21/21 20/20
f 98/98 68/68 69/69
f 20/20 21/21 69/69
f 20/20 69/69 68/68
f 97/97 22/22 21/21
f 98/98 69/69 70/70
f 21/21 22/22 70/70
f 21/21 70/70 69/69
f 97/97 23/23 22/22
f 98/98 70/70 71/71
f 22/22 23/23 71/71
f 22/22 71/71 70/70
f 97/97 24/24 23/23
f 98/98 71/71 72/72
f 23/23 24/24 72/72
f 23/23 72/72 71/71
f 97/97 25/25 24/24
f 98/98 72/72 73/73
f 24/24 25/25 73/73
f 24/24 73/73 72/72
f 97/97 26/26 25/25
f 98/98 73/73 74/74
f 25/25 26/26 74/74
f 25/25 74/74 73/73
f 97/97 27/27 26/26
f 98/98 74/74 75/75
f 26/26 27/27 75/75
f 26/26 75/75 74/74
f 97/97 28/28 27/27
f 98/98 75/75 76/76
f 27/27 28/28 76/76
f 27/27 76/76 75/75
f 97/97 29/29 28/28
f 98/98 76/76 77/77
f 28/28 29/29 77/77
f 28/28 77/77 76/76
f 97/97 30/30 29/29
f 98/98 77/77 78/78
f 29/29 30/30 78/78
f 29/29 78/78 77/77
f 97/97 31/31 30/30
f 98/98 78/78 79/79
f 30/30 31/31 79/79
f 30/30 79/79 78/78
f 97/97 32/32 31/31
f 98/98 79/79 80/80
f 31/31 32/32 80/80
f 31/31 80/80 79/79
f 97/97 33/33 32/32
f 98/98 80/80 81/81
f 32/32 33/33 81/81
f 32/32 81/81 80/80
f 97/97 34/34 33/33
f 98/98 81/81 82/82
f 33/33 34/34 82/82
f 33/33 82/82 81/81
f 97/97 35/35 34/34
f 98/98 82/82 83/83
f 34/34 35/35 83/83
f 34/34 83/83 82/82
f 97/97 36/36 35/35
f 98/98 83/83 84/84
f 35/35 36/36 84/84
f 35/35 84/84 83/83
f 97/97 37/37 36/36
f 98/98 84/84 85/85
f 36/36 37/37 85/85
f 36/36 85/85 84/84
f 97/97 38/38 37/37
f 98/98 85/85 86/86
f 37/37 38/38 86/86
f 37/37 86/86 85/85
f 97/97 39/39 38/38
f 98/98 86/86 87/87
f 38/38 39/39 87/87
f 38/38 87/87 86/86
f 97/97 40/40 39/39
f 98/98 87/87 88/88
f 39/39 40/40 88/88
f 39/39 88/88 87/87
f 97/97 41/41 40/40
f 98/98 88/88 89/89
f 40/40 41/41 89/89
f 40/40 89/89 88/88
f 97/97 42/42 41/41
f 98/98 89/89 90/90
f 41/41 42/42 90/90
f 41/41 90/90 89/89
f 97/97 43/43 42/42
f 98/98 90/90 91/91
f 42/42 43/43 91/91
f 42/42 91/91 90/90
f 97/97 44/44 43/43
f 98/98 91/91 92/92
f 43/43 44/44 92/92
f 43/43 92/92 91/91
f 97/97 45/45 44/44
f 98/98 92/92 93/93
f 44/44 45/45 93/93
f 44/44 93/93 92/92
f 97/97 46/46 45/45
f 98/98 93/93 94/94
f 45/45 46/46 94/94
f 45/45 94/94 93/93
f 97/97 47/47 46/46
f 98/98 94/94 95/95
f 46/46 47/47 95/95
f 46/46 95/95 94/94
f 97/97 48/48 47/47
f 98/98 95/95 96/96
f 47/47 48/48 96/96
f 47/47 96/96 95/95
f 97/97 1/1 48/48
f 98/98 96/96 49/49
f 48/48 1/1 49/49
f 48/48 49/49 96/96
f 101/101 104/104 102/102
f 101/101 102/102 99/99
f 99/99 102/102 103/103
f 99/99 103/103 100/100
f 104/104 107/107 105/105
f 104/104 105/105 102/102
f 102/102 105/105 106/106
f 102/102 106/106 103/103
f 107/107 110/110 108/108
f 107/107 108/108 105/105
f 105/105 108/108 109/109
f 105/105 109/109 106/106
f 110/110 113/113 111/111
f 110/110 111/111 108/108
f 108/108 111/111 112/112
f 108/108 112/112 109/109
f 113/113 116/116 114/114
f 113/113 114/114 111/111
f 111/111 114/114 115/115
f 111/111 115/115 112/112
f 116/116 119/119 117/117
f 116/116 117/117 114/114
f 114/114 117/117 118/118
f 114/114 118/118 115/115
f 119/119 122/122 120/120
f 119/119 120/120 117/117
f 117/117 120/120 121/121
f 117/117 121/121 118/118
f 122/122 125/125 123/123
f 122/122 123/123 120/120
f 120/120 123/123 124/124
f 120/120 124/124 121/121
f 125/125 128/128 126/126
f 125/125 126/126 123/123
f 123/123 126/126 127/127
f 123/123 127/127 124/124
f 128/128 131/131 129/129
f 128/128 129/129 126/126
f 126/126 129/129 130/130
f 126/126 130/130 127/127
f 131/131 134/134 132/132
f 131/131 132/132 129/129
f 129/129 132/132 133/133
f 129/129 133/133 130/130
f 134/134 137/137 135/135
f 134/134 135/135 132/132
f 132/132 135/135 136/136
f 132/132 136/136 133/133
f 137/137 140/140 138/138
f 137/137 138/138 135/135
f 135/135 138/138 139/139
f 135/135 139/139 136/136
f 140/140 143/143 141/141
f 140/140 141/141 138/138
f 138/138 141/141 142/142
f 138/138 142/142 139/139
f 143/143 146/146 144/144
f 143/143 144/144 141/141
f 141/141 144/144 145/145
f 141/141 145/145 142/142
f 146/146 149/149 147/147
f 146/146 147/147 144/144
f 144/144 147/147 148/148
f 144/144 148/148 145/145
f 149/149 152/152 150/150
f 149/149 150/150 147/147
f 147/147 150/150 151/151
f 147/147 151/151 148/148
f 152/152 155/155 153/153
f 152/152 153/153 150/150
f 150/150 153/153 154/154
f 150/150 154/154 151/151
f 155/155 158/158 156/156
f 155/155 156/156 153/153
f 153/153 156/156 157/157
f 153/153 157/157 154/154
f 158/158 161/161 159/159
f 158/158 159/159 156/156
f 156/156 159/159 160/160
f 156/156 160/160 157/157
f 161/161 164/164 162/162
f 161/161 162/162 159/159
f 159/159 162/162 163/163
f 159/159 163/163 160/160
f 164/164 167/167 165/165
f 164/164 165/165 162/162
f 162/162 165/165 166/166
f 162/162 166/166 163/163
f 167/167 170/170 168/168
f 167/167 168/168 165/165
f 165/165 168/168 169/169
f 165/165 169/169 166/166
f 170/170 173/173 171/171
f 170/170 171/171 168/168
f 168/168 171/171 172/172
f 168/168 172/172 169/169
f 173/173 176/176 174/174
f 173/173 174/174 171/171
f 171/171 174/174 175/175
f 171/171 175/175 172/172
f 176/176 179/179 177/177
f 176/176 177/177 174/174
f 174/174 177/177 178/178
f 174/174 178/178 175/175
f 179/179 182/182 180/180
f 179/179 180/180 177/177
f 177/177 180/180 181/181
f 177/177 181/181 178/178
f 182/182 185/185 183/183
f 182/182 183/183 180/180
f 180/180 183/183 184/184
f 180/180 184/184 181/181
f 185/185 188/188 186/186
f 185/185 186/186 183/183
f 183/183 186/186 187/187
f 183/183 187/187 184/184
f 188/188 191/191 189/189
f 188/188 189/189 186/186
f 186/186 189/189 190/190
f 186/186 190/190 187/187
f 191/191 194/194 192/192
f 191/191 192/192 189/189
f 189/189 192/192 193/193
f 189/189 193/193 190/190
f 194/194 197/197 195/195
f 194/194 195/195 192/192
f 192/192 195/195 196/196
f 192/192 196/196 193/193
f 197/197 200/200 198/198
f 197/197 198/198 195/195
f 195/195 198/198 199/199
f 195/195 199/199 196/196
f 200/200 203/203 201/201
f 200/200 201/201 198/198
f 198/198 201/201 202/202
f 198/198 202/202 199/199
f 203/203 206/206 204/204
f 203/203 204/204 201/201
f 201/201 204/204 205/205
f 201/201 205/205 202/202
f 206/206 209/209 207/207
f 206/206 207/207 204/204
f 204/204 207/207 208/208
f 204/204 208/208 205/205
f 209/209 212/212 210/210
f 209/209 210/210 207/207
f 207/207 210/210 211/211
f 207/207 211/211 208/208
f 212/212 215/215 213/213
f 212/212 213/213 210/210
f 210/210 213/213 214/214
f 210/210 214/214 211/211
f 215/215 218/218 216/216
f 215/215 216/216 213/213
f 213/213 216/216 217/217
f 213/213 217/217 214/214
f 218/218 221/221 219/219
f 218/218 219/219 216/216
f 216/216 219/219 220/220
f 216/216 220/220 217/217
f 221/221 224/224 222/222
f 221/221 222/222 219/219
f 219/219 222/222 223/223
f 219/219 223/223 220/220
f 224/224 227/227 225/225
f 224/224 225/225 222/222
f 222/222 225/225 226/226
f 222/222 226/226 223/223
f 227/227 230/230 228/228
f 227/227 228/228 225/225
f 225/225 228/228 229/229
f 225/225 229/229 226/226
f 230/230 233/233 231/231
f 230/230 231/231 228/228
f 228/228 231/231 232/232
f 228/228 232/232 229/229
f 233/233 236/236 234/234
f 233/233 234/234 231/231
f 231/231 234/234 235/235
f 231/231 235/235 232/232
f 236/236 239/239 237/237
f 236/236 237/237 234/234
f 234/234 237/237 238/238
f 234/234 238/238 235/235
f 239/239 242/242 240/240
f 239/239 240/240 237/237
f 237/237 240/240 241/241
f 237/237 241/241 238/238
f 242/242 245/245 243/243
f 242/242 243/243 240/240
f 240/240 243/243 244/244
f 240/240 244/244 241/241
f 245/245 248/248 246/246
f 245/245 246/246 243/243
f 243/243 246/246 247/247
f 243/243 247/247 244/244
f 248/248 251/251 249/249
f 248/248 249/249 246/246
f 246/246 249/249 250/250
f 246/246 250/250 247/247
f 251/251 254/254 252/252
f 251/251 252/252 249/249
f 249/249 252/252 253/253
f 249/249 253/253 250/250
f 254/254 257/257 255/255
f 254/254 255/255 252/252
f 252/252 255/255 256/256
f 252/252 256/256 253/253
f 257/257 260/260 258/258
f 257/257 258/258 255/255
f 255/255 258/258 259/259
f 255/255 259/259 256/256
f 260/260 263/263 261/261
f 260/260 261/261 258/258
f 258/258 261/261 262/262
f 258/258 262/262 259/259
f 263/263 266/266 264/264
f 263/263 264/264 261/261
f 261/261 264/264 265/265
f 261/261 265/265 262/262
f 266/266 269/269 267/267
f 266/266 267/267 264/264
f 264/264 267/267 268/268
f 264/264 268/268 265/265
f 269/269 272/272 270/270
f 269/269 270/270 267/267
f 267/267 270/270 271/271
f 267/267 271/271 268/268
f 272/272 275/275 273/273
f 272/272 273/273 270/270
f 270/270 273/273 274/274
f 270/270 274/274 271/271
f 275/275 278/278 276/276
f 275/275 276/276 273/273
f 273/273 276/276 277/277
f 273/273 277/277 274/274
f 278/278 281/281 279/279
f 278/278 279/279 276/276
f 276/276 279/279 280/280
f 276/276 280/280 277/277
f 281/281 284/284 282/282
f 281/281 282/282 279/279
f 279/279 282/282 283/283
f 279/279 283/283 280/280
f 284/284 287/287 285/285
f 284/284 285/285 282/282
f 282/282 285/285 286/286
f 282/282 286/286 283/283
f 287/287 290/290 288/288
f 287/287 288/288 285/285
f 285/285 288/288 289/289
f 285/285 289/289 286/286
f 290/290 101/101 99/99
f 290/290 99/99 288/288
f 288/288 99/99 100/100
f 288/288 100/100 289/289
f 100/100 103/103 292/292
f 100/100 292/292 291/291
f 103/103 106/106 293/293
f 103/103 293/293 292/292
f 106/106 109/109 294/294
f 106/106 294/294 293/293
f 109/109 112/112 295/295
f 109/109 295/295 294/294
f 112/112 115/115 296/296
f 112/112 296/296 295/295
f 115/115 118/118 297/297
f 115/115 297/297 296/296
f 118/118 121/121 298/298
f 118/118 298/298 297/297
f 121/121 124/124 299/299
f 121/121 299/299 298/298
f 124/124 127/127 300/300
f 124/124 300/300 299/299
f 127/127 130/130 301/301
f 127/127 301/301 300/300
f 130/130 133/133 302/302
f 130/130 302/302 301/301
f 133/133 136/136 303/303
f 133/133 303/303 302/302
f 136/136 139/139 304/304
f 136/136 304/304 303/303
f 139/139 142/142 305/305
f 139/139 305/305 304/304
f 142/142 145/145 306/306
f 142/142 306/306 305/305
f 145/145 148/148 307/307
f 145/145 307/307 306/306
f 148/148 151/151 308/308
f 148/148 308/308 307/307
f 151/151 154/154 309/309
f 151/151 309/309 308/308
f 154/154 157/157 310/310
f 154/154 310/310 309/309
f 157/157 160/160 311/311
f 157/157 311/311 310/310
f 160/160 163/163 312/312
f 160/160 312/312 311/311
f 163/163 166/166 313/313
f 163/163 313/313 312/312
f 166/166 169/169 314/314
f 166/166 314/314 313/313
f 169/169 172/172 315/315
f 169/169 315/315 314/314
f 172/172 175/175 316/316
f 172/172 316/316 315/315
f 175/175 178/178 317/317
f 175/175 317/317 316/316
f 178/178 181/181 318/318
f 178/178 318/318 317/317
f 181/181 184/184 319/319
f 181/181 319/319 318/318
f 184/184 187/187 320/320
f 184/184 320/320 319/319
f 187/187 190/190 321/321
f 187/187 321/321 320/320
f 190/190 193/193 322/322
f 190/190 322/322 321/321
f 193/193 196/196 323/323
f 193/193 323/323 322/322
f 196/196 199/199 324/324
f 196/196 324/324 323/323
f 199/199 202/202 325/325
f 199/199 325/325 324/324
f 202/202 205/205 326/326
f 202/202 326/326 325/325
f 205/205 208/208 327/327
f 205/205 327/327 326/326
f 208/208 211/211 328/328
f 208/208 328/328 327/327
f 211/211 214/214 329/329
f 211/211 329/329 328/328
f 214/214 217/217 330/330
f 214/214 330/330 329/329
f 217/217 220/220 331/331
f 217/217 331/331 330/330
f 220/220 223/223 332/332
f 220/220 332/332 331/331
f 223/223 226/226 333/333
f 223/223 333/333 332/332
f 226/226 229/229 334/334
f 226/226 334/334 333/333
f 229/229 232/232 335/335
f 229/229 335/335 334/334
f 232/232 235/235 336/336
f 232/232 336/336 335/335
f 235/235 238/238 337/337
f 235/235 337/337 336/336
f 238/238 241/241 338/338
f 238/238 338/338 337/337
f 241/241 244/244 339/339
f 241/241 339/339 338/338
f 244/244 247/247 340/340
f 244/244 340/340 339/339
f 247/247 250/250 341/341
f 247/247 341/341 340/340
f 250/250 253/253 342/342
f 250/250 342/342 341/341
f 253/253 256/256 343/343
f 253/253 343/343 342/342
f 256/256 259/259 344/344
f 256/256 344/344 343/343
f 259/259 262/262 345/345
f 259/259 345/345 344/344
f 262/262 265/265 346/346
f 262/262 346/346 345/345
f 265/265 268/268 347/347
f 265/265 347/347 346/346
f 268/268 271/271 348/348
f 268/268 348/348 347/347
f 271/271 274/274 349/349
f 271/271 349/349 348/348
f 274/274 277/277 350/350
f 274/274 350/350 349/349
f 277/277 280/280 351/351
f 277/277 351/351 350/350
f 280/280 283/283 352/352
f 280/280 352/352 351/351
f 283/283 286/286 353/353
f 283/283 353/353 352/352
f 286/286 289/289 354/354
f 286/286 354/354 353/353
f 289/289 100/100 291/291
f 289/289 291/291 354/354
f 291/291 292/292 356/356
f 291/291 356/356 355/355
f 292/292 293/293 357/357
f 292/292 357/357 356/356
f 293/293 294/294 358/358
f 293/293 358/358 357/357
f 294/294 295/295 359/359
f 294/294 359/359 358/358
f 295/295 296/296 360/360
f 295/295 360/360 359/359
f 296/296 297/297 361/361
f 296/296 361/361 360/360
f 297/297 298/298 362/362
f 297/297 362/362 361/361
f 298/298 299/299 363/363
f 298/298 363/363 362/362
f 299/299 300/300 364/364
f 299/299 364/364 363/363
f 300/300 301/301 365/365
f 300/300 365/365 364/364
f 301/301 302/302 366/366
f 301/301 366/366 365/365
f 302/302 303/303 367/367
f 302/302 367/367 366/366
f 303/303 304/304 368/368
f 303/303 368/368 367/367
f 304/304 305/305 369/369
f 304/304 369/369 368/368
f 305/305 306/306 370/370
f 305/305 370/370 369/369
f 306/306 307/307 371/371
f 306/306 371/371 370/370
f 307/307 308/308 372/372
f 307/307 372/372 371/371
f 308/308 309/309 373/373
f 308/308 373/373 372/372
f 309/309 310/310 374/374
f 309/309 374/374 373/373
f 310/310 311/311 375/375
f 310/310 375/375 374/374
f 311/311 312/312 376/376
f 311/311 376/376 375/375
f 312/312 313/313 377/377
f 312/312 377/377 376/376
f 313/313 314/314 378/378
f 313/313 378/378 377/377
f 314/314 315/315 379/379
f 314/314 379/379 378/378
f 315/315 316/316 380/380
f 315/315 380/380 379/379
f 316/316 317/317 381/381
f 316/316 381/381 380/380
f 317/317 318/318 382/382
f 317/317 382/382 381/381
f 318/318 319/319 383/383
f 318/318 383/383 382/382
f 319/319 320/320 384/384
f 319/319 384/384 383/383
f 320/320 321/321 385/385
f 320/320 385/385 384/384
f 321/321 322/322 386/386
f 321/321 386/386 385/385
f 322/322 323/323 387/387
f 322/322 387/387 386/386
f 323/323 324/324 388/388
f 323/323 388/388 387/387
f 324/324 325/325 389/389
f 324/324 389/389 388/388
f 325/325 326/326 390/390
f 325/325 390/390 389/389
f 326/326 327/327 391/391
f 326/326 391/391 390/390
f 327/327 328/328 392/392
f 327/327 392/392 391/391
f 328/328 329/329 393/393
f 328/328 393/393 392/392
f 329/329 330/330 394/394
f 329/329 394/394 393/393
f 330/330 331/331 395/395
f 330/330 395/395 394/394
f 331/331 332/332 396/396
f 331/331 396/396 395/395
f 332/332 333/333 397/397
f 332/332 397/397 396/396
f 333/333 334/334 398/398
f 333/333 398/398 397/397
f 334/334 335/335 399/399
f 334/334 399/399 398/398
f 335/335 336/336 400/400
f 335/335 400/400 399/399
f 336/336 337/337 401/401
f 336/336 401/401 400/400
f 337/337 338/338 402/402
f 337/337 402/402 401/401
f 338/338 339/339 403/403
f 338/338 403/403 402/402
f 339/339 340/340 404/404
f 339/339 404/404 403/403
f 340/340 341/341 405/405
f 340/340 405/405 404/404
f 341/341 342/342 406/406
f 341/341 406/406 405/405
f 342/342 343/343 407/407
f 342/342 407/407 406/406
f 343/343 344/344 408/408
f 343/343 408/408 407/407
f 344/344 345/345 409/409
f 344/344 409/409 408/408
f 345/345 346/346 410/410
f 345/345 410/410 409/409
f 346/346 347/347 411/411
f 346/346 411/411 410/410
f 347/347 348/348 412/412
f 347/347 412/412 411/411
f 348/348 349/349 413/413
f 348/348 413/413 412/412
f 349/349 350/350 414/414
f 349/349 414/414 413/413
f 350/350 351/351 415/415
f 350/350 415/415 414/414
f 351/351 352/352 416/416
f 351/351 416/416 415/415
f 352/352 353/353 417/417
f 352/352 417/417 416/416
f 353/353 354/354 418/418
f 353/353 418/418 417/417
f 354/354 291/291 355/355
f 354/354 355/355 418/418
f 355/355 356/356 420/420
f 355/355 420/420 419/419
f 356/356 357/357 421/421
f 356/356 421/421 420/420
f 357/357 358/358 422/422
f 357/357 422/422 421/421
f 358/358 359/359 423/423
f 358/358 423/423 422/422
f 359/359 360/360 424/424
f 359/359 424/424 423/423
f 360/360 361/361 425/425
f 360/360 425/425 424/424
f 361/361 362/362 426/426
f 361/361 426/426 425/425
f 362/362 363/363 427/427
f 362/362 427/427 426/426
f 363/363 364/364 428/428
f 363/363 428/428 427/427
f 364/364 365/365 429/429
f 364/364 429/429 428/428
f 365/365 366/366 430/430
f 365/365 430/430 429/429
f 366/366 367/367 431/431
f 366/366 431/431 430/430
f 367/367 368/368 432/432
f 367/367 432/432 431/431
f 368/368 369/369 433/433
f 368/368 433/433 432/432
f 369/369 370/370 434/434
f 369/369 434/434 433/433
f 370/370 371/371 435/435
f 370/370 435/435 434/434
f 371/371 372/372 436/436
f 371/371 436/436 435/435
f 372/372 373/373 437/437
f 372/372 437/437 436/436
f 373/373 374/374 438/438
f 373/373 438/438 437/437
f 374/374 375/375 439/439
f 374/374 439/439 438/438
f 375/375 376/376 440/440
f 375/375 440/440 439/439
f 376/376 377/377 441/441
f 376/376 441/441 440/440
f 377/377 378/378 442/442
f 377/377 442/442 441/441
f 378/378 379/379 443/443
f 378/378 443/443 442/442
f 379/379 380/380 444/444
f 379/379 444/444 443/443
f 380/380 381/381 445/445
f 380/380 445/445 444/444
f 381/381 382/382 446/446
f 381/381 446/446 445/445
f 382/382 383/383 447/447
f 382/382 447/447 446/446
f 383/383 384/384 448/448
f 383/383 448/448 447/447
f 384/384 385/385 449/449
f 384/384 449/449 448/448
f 385/385 386/386 450/450
f 385/385 450/450 449/449
f 386/386 387/387 451/451
f 386/386 451/451 450/450
f 387/387 388/388 452/452
f 387/387 452/452 451/451
f 388/388 389/389 453/453
f 388/388 453/453 452/452
f 389/389 390/390 454/454
f 389/389 454/454 453/453
f 390/390 391/391 455/455
f 390/390 455/455 454/454
f 391/391 392/392 456/456
f 391/391 456/456 455/455
f 392/392 393/393 457/457
f 392/392 457/457 456/456
f 393/393 394/394 458/458
f 393/393 458/458 457/457
f 394/394 395/395 459/459
f 394/394 459/459 458/458
f 395/395 396/396 460/460
f 395/395 460/460 459/459
f 396/396 397/397 461/461
f 396/396 461/461 460/460
f 397/397 398/398 462/462
f 397/397 462/462 461/461
f 398/398 399/399 463/463
f 398/398 463/463 462/462
f 399/399 400/400 464/464
f 399/399 464/464 463/463
f 400/400 401/401 465/465
f 400/400 465/465 464/464
f 401/401 402/402 466/466
f 401/401 466/466 465/465
f 402/402 403/403 467/467
f 402/402 467/467 466/466
f 403/403 404/404 468/468
f 403/403 468/468 467/467
f 404/404 405/405 469/469
f 404/404 469/469 468/468
f 405/405 406/406 470/470
f 405/405 470/470 469/469
f 406/406 407/407 471/471
f 406/406 471/471 470/470
f 407/407 408/408 472/472
f 407/407 472/472 471/471
f 408/408 409/409 473/473
f 408/408 473/473 472/472
f 409/409 410/410 474/474
f 409/409 474/474 473/473
f 410/410 411/411 475/475
f 410/410 475/475 474/474
f 411/411 412/412 476/476
f 411/411 476/476 475/475
f 412/412 413/413 477/477
f 412/412 477/477 476/476
f 413/413 414/414 478/478
f 413/413 478/478 477/477
f 414/414 415/415 479/479
f 414/414 479/479 478/478
f 415/415 416/416 480/480
f 415/415 480/480 479/479
f 416/416 417/417 481/481
f 416/416 481/481 480/480
f 417/417 418/418 482/482
f 417/417 482/482 481/481
f 418/418 355/355 419/419
f 418/418 419/419 482/482
f 419/419 420/420 484/484
f 419/419 484/484 483/483
f 420/420 421/421 485/485
f 420/420 485/485 484/484
f 421/421 422/422 486/486
f 421/421 486/486 485/485
f 422/422 423/423 487/487
f 422/422 487/487 486/486
f 423/423 424/424 488/488
f 423/423 488/488 487/487
f 424/424 425/425 489/489
f 424/424 489/489 488/488
f 425/425 426/426 490/490
f 425/425 490/490 489/489
f 426/426 427/427 491/491
f 426/426 491/491 490/490
f 427/427 428/428 492/492
f 427/427 492/492 491/491
f 428/428 429/429 493/493
f 428/428 493/493 492/492
f 429/429 430/430 494/494
f 429/429 494/494 493/493
f 430/430 431/431 495/495
f 430/430 495/495 494/494
f 431/431 432/432 496/496
f 431/431 496/496 495/495
f 432/432 433/433 497/497
f 432/432 497/497 496/496
f 433/433 434/434 498/498
f 433/433 498/498 497/497
f 434/434 435/435 499/499
f 434/434 499/499 498/498
f 435/435 436/436 500/500
f 435/435 500/500 499/499
f 436/436 437/437 501/501
f 436/436 501/501 500/500
f 437/437 438/438 502/502
f 437/437 502/502 501/501
f 438/438 439/439 503/503
f 438/438 503/503 502/502
f 439/439 440/440 504/504
f 439/439 504/504 503/503
f 440/440 441/441 505/505
f 440/440 505/505 504/504
f 441/441 442/442 506/506
f 441/441 506/506 505/505
f 442/442 443/443 507/507
f 442/442 507/507 506/506
f 443/443 444/444 508/508
f 443/443 508/508 507/507
f 444/444 445/445 509/509
f 444/444 509/509 508/508
f 445/445 446/446 510/510
f 445/445 510/510 509/509
f 446/446 447/447 511/511
f 446/446 511/511 510/510
f 447/447 448/448 512/512
f 447/447 512/512 511/511
f 448/448 449/449 513/513
f 448/448 513/513 512/512
f 449/449 450/450 514/514
f 449/449 514/514 513/513
f 450/450 451/451 515/515
f 450/450 515/515 514/514
f 451/451 452/452 516/516
f 451/451 516/516 515/515
f 452/452 453/453 517/517
f 452/452 517/517 516/516
f 453/453 454/454 518/518
f 453/453 518/518 517/517
f 454/454 455/455 519/519
f 454/454 519/519 518/518
f 455/455 456/456 520/520
f 455/455 520/520 519/519
f 456/456 457/457 521/521
f 456/456 521/521 520/520
f 457/457 458/458 522/522
f 457/457 522/522 521/521
f 458/458 459/459 523/523
f 458/458 523/523 522/522
f 459/459 460/460 524/524
f 459/459 524/524 523/523
f 460/460 461/461 525/525
f 460/460 525/525 524/524
f 461/461 462/462 526/526
f 461/461 526/526 525/525
f 462/462 463/463 527/527
f 462/462 527/527 526/526
f 463/463 464/464 528/528
f 463/463 528/528 527/527
f 464/464 465/465 529/529
f 464/464 529/529 528/528
f 465/465 466/466 530/530
f 465/465 530/530 529/529
f 466/466 467/467 531/531
f 466/466 531/531 530/530
f 467/467 468/468 532/532
f 467/467 532/532 531/531
f 468/468 469/469 533/533
f 468/468 533/533 532/532
f 469/469 470/470 534/534
f 469/469 534/534 533/533
f 470/470 471/471 535/535
f 470/470 535/535 534/534
f 471/471 472/472 536/536
f 471/471 536/536 535/535
f 472/472 473/473 537/537
f 472/472 537/537 536/536
f 473/473 474/474 538/538
f 473/473 538/538 537/537
f 474/474 475/475 539/539
f 474/474 539/539 538/538
f 475/475 476/476 540/540
f 475/475 540/540 539/539
f 476/476 477/477 541/541
f 476/476 541/541 540/540
f 477/477 478/478 542/542
f 477/477 542/542 541/541
f 478/478 479/479 543/543
f 478/478 543/543 542/542
f 479/479 480/480 544/544
f 479/479 544/544 543/543
f 480/480 481/481 545/545
f 480/480 545/545 544/544
f 481/481 482/482 546/546
f 481/481 546/546 545/545
f 482/482 419/419 483/483
f 482/482 483/483 546/546
f 483/483 484/484 548/548
f 483/483 548/548 547/547
f 484/484 485/485 549/549
f 484/484 549/549 548/548
f 485/485 486/486 550/550
f 485/485 550/550 549/549
f 486/486 487/487 551/551
f 486/486 551/551 550/550
f 487/487 488/488 552/552
f 487/487 552/552 551/551
f 488/488 489/489 553/553
f 488/488 553/553 552/552
f 489/489 490/490 554/554
f 489/489 554/554 553/553
f 490/490 491/491 555/555
f 490/490 555/555 554/554
f 491/491 492/492 556/556
f 491/491 556/556 555/555
f 492/492 493/493 557/557
f 492/492 557/557 556/556
f 493/493 494/494 558/558
f 493/493 558/558 557/557
f 494/494 495/495 559/559
f 494/494 559/559 558/558
f 495/495 496/496 560/560
f 495/495 560/560 559/559
f 496/496 497/497 561/561
f 496/496 561/561 560/560
f 497/497 498/498 562/562
f 497/497 562/562 561/561
f 498/498 499/499 563/563
f 498/498 563/563 562/562
f 499/499 500/500 564/564
f 499/499 564/564 563/563
f 500/500 501/501 565/565
f 500/500 565/565 564/564
f 501/501 502/502 566/566
f 501/501 566/566 565/565
f 502/502 503/503 567/567
f 502/502 567/567 566/566
f 503/503 504/504 568/568
f 503/503 568/568 567/567
f 504/504 505/505 569/569
f 504/504 569/569 568/568
f 505/505 506/506 570/570
f 505/505 570/570 569/569
f 506/506 507/507 571/571
f 506/506 571/571 570/570
f 507/507 508/508 572/572
f 507/507 572/572 571/571
f 508/508 509/509 573/573
f 508/508 573/573 572/572
f 509/509 510/510 574/574
f 509/509 574/574 573/573
f 510/510 511/511 575/575
f 510/510 575/575 574/574
f 511/511 512/512 576/576
f 511/511 576/576 575/575
f 512/512 513/513 577/577
f 512/512 577/577 576/576
f 513/513 514/514 578/578
f 513/513 578/578 577/577
f 514/514 515/515 579/579
f 514/514 579/579 578/578
f 515/515 516/516 580/580
f 515/515 580/580 579/579
f 516/516 517/517 581/581
f 516/516 581/581 580/580
f 517/517 518/518 582/582
f 517/517 582/582 581/581
f 518/518 519/519 583/583
f 518/518 583/583 582/582
f 519/519 520/520 584/584
f 519/519 584/584 583/583
f 520/520 521/521 585/585
f 520/520 585/585 584/584
f 521/521 522/522 586/586
f 521/521 586/586 585/585
f 522/522 523/523 587/587
f 522/522 587/587 586/586
f 523/523 524/524 588/588
f 523/523 588/588 587/587
f 524/524 525/525 589/589
f 524/524 589/589 588/588
f 525/525 526/526 590/590
f 525/525 590/590 589/589
f 526/526 527/527 591/591
f 526/526 591/591 590/590
f 527/527 528/528 592/592
f 527/527 592/592 591/591
f 528/528 529/529 593/593
f 528/528 593/593 592/592
f 529/529 530/530 594/594
f 529/529 594/594 593/593
f 530/530 531/531 595/595
f 530/530 595/595 594/594
f 531/531 532/532 596/596
f 531/531 596/596 595/595
f 532/532 533/533 597/597
f 532/532 597/597 596/596
f 533/533 534/534 598/598
f 533/533 598/598 597/597
f 534/534 535/535 599/599
f 534/534 599/599 598/598
f 535/535 536/536 600/600
f 535/535 600/600 599/599
f 536/536 537/537 601/601
f 536/536 601/601 600/600
f 537/537 538/538 602/602
f 537/537 602/602 601/601
f 538/538 539/539 603/603
f 538/538 603/603 602/602
f 539/539 540/540 604/604
f 539/539 604/604 603/603
f 540/540 541/541 605/605
f 540/540 605/605 604/604
f 541/541 542/542 606/606
f 541/541 606/606 605/605
f 542/542 543/543 607/607
f 542/542 607/607 606/606
f 543/543 544/544 608/608
f 543/543 608/608 607/607
f 544/544 545/545 609/609
f 544/544 609/609 608/608
f 545/545 546/546 610/610
f 545/545 610/610 609/609
f 546/546 483/483 547/547
f 546/546 547/547 610/610
f 547/547 548/548 612/612
f 547/547 612/612 611/611
f 548/548 549/549 613/613
f 548/548 613/613 612/612
f 549/549 550/550 614/614
f 549/549 614/614 613/613
f 550/550 551/551 615/615
f 550/550 615/615 614/614
f 551/551 552/552 616/616
f 551/551 616/616 615/615
f 552/552 553/553 617/617
f 552/552 617/617 616/616
f 553/553 554/554 618/618
f 553/553 618/618 617/617
f 554/554 555/555 619/619
f 554/554 619/619 618/618
f 555/555 556/556 620/620
f 555/555 620/620 619/619
f 556/556 557/557 621/621
f 556/556 621/621 620/620
f 557/557 558/558 622/622
f 557/557 622/622 621/621
f 558/558 559/559 623/623
f 558/558 623/623 622/622
f 559/559 560/560 624/624
f 559/559 624/624 623/623
f 560/560 561/561 625/625
f 560/560 625/625 624/624
f 561/561 562/562 626/626
f 561/561 626/626 625/625
f 562/562 563/563 627/627
f 562/562 627/627 626/626
f 563/563 564/564 628/628
f 563/563 628/628 627/627
f 564/564 565/565 629/629
f 564/564 629/629 628/628
f 565/565 566/566 630/630
f 565/565 630/630 629/629
f 566/566 567/567 631/631
f 566/566 631/631 630/630
f 567/567 568/568 632/632
f 567/567 632/632 631/631
f 568/568 569/569 633/633
f 568/568 633/633 632/632
f 569/569 570/570 634/634
f 569/569 634/634 633/633
f 570/570 571/571 635/635
f 570/570 635/635 634/634
f 571/571 572/572 636/636
f 571/571 636/636 635/635
f 572/572 573/573 637/637
f 572/572 637/637 636/636
f 573/573 574/574 638/638
f 573/573 638/638 637/637
f 574/574 575/575 639/639
f 574/574 639/639 638/638
f 575/575 576/576 640/640
f 575/575 640/640 639/639
f 576/576 577/577 641/641
f 576/576 641/641 640/640
f 577/577 578/578 642/642
f 577/577 642/642 641/641
f 578/578 579/579 643/643
f 578/578 643/643 642/642
f 579/579 580/580 644/644
f 579/579 644/644 643/643
f 580/580 581/581 645/645
f 580/580 645/645 644/644
f 581/581 582/582 646/646
f 581/581 646/646 645/645
f 582/582 583/583 647/647
f 582/582 647/647 646/646
f 583/583 584/584 648/648
f 583/583 648/648 647/647
f 584/584 585/585 649/649
f 584/584 649/649 648/648
f 585/585 586/586 650/650
f 585/585 650/650 649/649
f 586/586 587/587 651/651
f 586/586 651/651 650/650
f 587/587 588/588 652/652
f 587/587 652/652 651/651
f 588/588 589/589 653/653
f 588/588 653/653 652/652
f 589/589 590/590 654/654
f 589/589 654/654 653/653
f 590/590 591/591 655/655
f 590/590 655/655 654/654
f 591/591 592/592 656/656
f 591/591 656/656 655/655
f 592/592 593/593 657/657
f 592/592 657/657 656/656
f 593/593 594/594 658/658
f 593/593 658/658 657/657
f 594/594 595/595 659/659
f 594/594 659/659 658/658
f 595/595 596/596 660/660
f 595/595 660/660 659/659
f 596/596 597/597 661/661
f 596/596 661/661 660/660
f 597/597 598/598 662/662
f 597/597 662/662 661/661
f 598/598 599/599 663/663
f 598/598 663/663 662/662
f 599/599 600/600 664/664
f 599/599 664/664 663/663
f 600/600 601/601 665/665
f 600/600 665/665 664/664
f 601/601 602/602 666/666
f 601/601 666/666 665/665
f 602/602 603/603 667/667
f 602/602 667/667 666/666
f 603/603 604/604 668/668
f 603/603 668/668 667/667
f 604/604 605/605 669/669
f 604/604 669/669 668/668
f 605/605 606/606 670/670
f 605/605 670/670 669/669
f 606/606 607/607 671/671
f 606/606 671/671 670/670
f 607/607 608/608 672/672
f 607/607 672/672 671/671
f 608/608 609/609 673/673
f 608/608 673/673 672/672
f 609/609 610/610 674/674
f 609/609 674/674 673/673
f 610/610 547/547 611/611
f 610/610 611/611 674/674
f 611/611 612/612 676/676
f 611/611 676/676 675/675
f 612/612 613/613 677/677
f 612/612 677/677 676/676
f 613/613 614/614 678/678
f 613/613 678/678 677/677
f 614/614 615/615 679/679
f 614/614 679/679 678/678
f 615/615 616/616 680/680
f 615/615 680/680 679/679
f 616/616 617/617 681/681
f 616/616 681/681 680/680
f 617/617 618/618 682/682
f 617/617 682/682 681/681
f 618/618 619/619 683/683
f 618/618 683/683 682/682
f 619/619 620/620 684/684
f 619/619 684/684 683/683
f 620/620 621/621 685/685
f 620/620 685/685 684/684
f 621/621 622/622 686/686
f 621/621 686/686 685/685
f 622/622 623/623 687/687
f 622/622 687/687 686/686
f 623/623 624/624 688/688
f 623/623 688/688 687/687
f 624/624 625/625 689/689
f 624/624 689/689 688/688
f 625/625 626/626 690/690
f 625/625 690/690 689/689
f 626/626 627/627 691/691
f 626/626 691/691 690/690
f 627/627 628/628 692/692
f 627/627 692/692 691/691
f 628/628 629/629 693/693
f 628/628 693/693 692/692
f 629/629 630/630 694/694
f 629/629 694/694 693/693
f 630/630 631/631 695/695
f 630/630 695/695 694/694
f 631/631 632/632 696/696
f 631/631 696/696 695/695
f 632/632 633/633 697/697
f 632/632 697/697 696/696
f 633/633 634/634 698/698
f 633/633 698/698 697/697
f 634/634 635/635 699/699
f 634/634 699/699 698/698
f 635/635 636/636 700/700
f 635/635 700/700 699/699
f 636/636 637/637 701/701
f 636/636 701/701 700/700
f 637/637 638/638 702/702
f 637/637 702/702 701/701
f 638/638 639/639 703/703
f 638/638 703/703 702/702
f 639/639 640/640 704/704
f 639/639 704/704 703/703
f 640/640 641/641 705/705
f 640/640 705/705 704/704
f 641/641 642/642 706/706
f 641/641 706/706 705/705
f 642/642 643/643 707/707
f 642/642 707/707 706/706
f 643/643 644/644 708/708
f 643/643 708/708 707/707
f 644/644 645/645 709/709
f 644/644 709/709 708/708
f 645/645 646/646 710/710
f 645/645 710/710 709/709
f 646/646 647/647 711/711
f 646/646 711/711 710/710
f 647/647 648/648 712/712
f 647/647 712/712 711/711
f 648/648 649/649 713/713
f 648/648 713/713 712/712
f 649/649 650/650 714/714
f 649/649 714/714 713/713
f 650/650 651/651 715/715
f 650/650 715/715 714/714
f 651/651 652/652 716/716
f 651/651 716/716 715/715
f 652/652 653/653 717/717
f 652/652 717/717 716/716
f 653/653 654/654 718/718
f 653/653 718/718 717/717
f 654/654 655/655 719/719
f 654/654 719/719 718/718
f 655/655 656/656 720/720
f 655/655 720/720 719/719
f 656/656 657/657 721/721
f 656/656 721/721 720/720
f 657/657 658/658 722/722
f 657/657 722/722 721/721
f 658/658 659/659 723/723
f 658/658 723/723 722/722
f 659/659 660/660 724/724
f 659/659 724/724 723/723
f 660/660 661/661 725/725
f 660/660 725/725 724/724
f 661/661 662/662 726/726
f 661/661 726/726 725/725
f 662/662 663/663 727/727
f 662/662 727/727 726/726
f 663/663 664/664 728/728
f 663/663 728/728 727/727
f 664/664 665/665 729/729
f 664/664 729/729 728/728
f 665/665 666/666 730/730
f 665/665 730/730 729/729
f 666/666 667/667 731/731
f 666/666 731/731 730/730
f 667/667 668/668 732/732
f 667/667 732/732 731/731
f 668/668 669/669 733/733
f 668/668 733/733 732/732
f 669/669 670/670 734/734
f 669/669 734/734 733/733
f 670/670 671/671 735/735
f 670/670 735/735 734/734
f 671/671 672/672 736/736
f 671/671 736/736 735/735
f 672/672 673/673 737/737
f 672/672 737/737 736/736
f 673/673 674/674 738/738
f 673/673 738/738 737/737
f 674/674 611/611 675/675
f 674/674 675/675 738/738
f 675/675 676/676 740/740
f 675/675 740/740 739/739
f 676/676 677/677 741/741
f 676/676 741/741 740/740
f 677/677 678/678 742/742
f 677/677 742/742 741/741
f 678/678 679/679 743/743
f 678/678 743/743 742/742
f 679/679 680/680 744/744
f 679/679 744/744 743/743
f 680/680 681/681 745/745
f 680/680 745/745 744/744
f 681/681 682/682 746/746
f 681/681 746/746 745/745
f 682/682 683/683 747/747
f 682/682 747/747 746/746
f 683/683 684/684 748/748
f 683/683 748/748 747/747
f 684/684 685/685 749/749
f 684/684 749/749 748/748
f 685/685 686/686 750/750
f 685/685 750/750 749/749
f 686/686 687/687 751/751
f 686/686 751/751 750/750
f 687/687 688/688 752/752
f 687/687 752/752 751/751
f 688/688 689/689 753/753
f 688/688 753/753 752/752
f 689/689 690/690 754/754
f 689/689 754/754 753/753
f 690/690 691/691 755/755
f 690/690 755/755 754/754
f 691/691 692/692 756/756
f 691/691 756/756 755/755
f 692/692 693/693 757/757
f 692/692 757/757 756/756
f 693/693 694/694 758/758
f 693/693 758/758 757/757
f 694/694 695/695 759/759
f 694/694 759/759 758/758
f 695/695 696/696 760/760
f 695/695 760/760 759/759
f 696/696 697/697 761/761
f 696/696 761/761 760/760
f 697/697 698/698 762/762
f 697/697 762/762 761/761
f 698/698 699/699 763/763
f 698/698 763/763 762/762
f 699/699 700/700 764/764
f 699/699 764/764 763/763
f 700/700 701/701 765/765
f 700/700 765/765 764/764
f 701/701 702/702 766/766
f 701/701 766/766 765/765
f 702/702 703/703 767/767
f 702/702 767/767 766/766
f 703/703 704/704 768/768
f 703/703 768/768 767/767
f 704/704 705/705 769/769
f 704/704 769/769 768/768
f 705/705 706/706 770/770
f 705/705 770/770 769/769
f 706/706 707/707 771/771
f 706/706 771/771 770/770
f 707/707 708/708 772/772
f 707/707 772/772 771/771
f 708/708 709/709 773/773
f 708/708 773/773 772/772
f 709/709 710/710 774/774
f 709/709 774/774 773/773
f 710/710 711/711 775/775
f 710/710 775/775 774/774
f 711/711 712/712 776/776
f 711/711 776/776 775/775
f 712/712 713/713 777/777
f 712/712 777/777 776/776
f 713/713 714/714 778/778
f 713/713 778/778 777/777
f 714/714 715/715 779/779
f 714/714 779/779 778/778
f 715/715 716/716 780/780
f 715/715 780/780 779/779
f 716/716 717/717 781/781
f 716/716 781/781 780/780
f 717/717 718/718 782/782
f 717/717 782/782 781/781
f 718/718 719/719 783/783
f 718/718 783/783 782/782
f 719/719 720/720 784/784
f 719/719 784/784 783/783
f 720/720 721/721 785/785
f 720/720 785/785 784/784
f 721/721 722/722 786/786
f 721/721 786/786 785/785
f 722/722 723/723 787/787
f 722/722 787/787 786/786
f 723/723 724/724 788/788
f 723/723 788/788 787/787
f 724/724 725/725 789/789
f 724/724 789/789 788/788
f 725/725 726/726 790/790
f 725/725 790/790 789/789
f 726/726 727/727 791/791
f 726/726 791/791 790/790
f 727/727 728/728 792/792
f 727/727 792/792 791/791
f 728/728 729/729 793/793
f 728/728 793/793 792/792
f 729/729 730/730 794/794
f 729/729 794/794 793/793
f 730/730 731/731 795/795
f 730/730 795/795 794/794
f 731/731 732/732 796/796
f 731/731 796/796 795/795
f 732/732 733/733 797/797
f 732/732 797/797 796/796
f 733/733 734/734 798/798
f 733/733 798/798 797/797
f 734/734 735/735 799/799
f 734/734 799/799 798/798
f 735/735 736/736 800/800
f 735/735 800/800 799/799
f 736/736 737/737 801/801
f 736/736 801/801 800/800
f 737/737 738/738 802/802
f 737/737 802/802 801/801
f 738/738 675/675 739/739
f 738/738 739/739 802/802
f 739/739 740/740 804/804
f 739/739 804/804 803/803
f 740/740 741/741 805/805
f 740/740 805/805 804/804
f 741/741 742/742 806/806
f 741/741 806/806 805/805
f 742/742 743/743 807/807
f 742/742 807/807 806/806
f 743/743 744/744 808/808
f 743/743 808/808 807/807
f 744/744 745/745 809/809
f 744/744 809/809 808/808
f 745/745 746/746 810/810
f 745/745 810/810 809/809
f 746/746 747/747 811/811
f 746/746 811/811 810/810
f 747/747 748/748 812/812
f 747/747 812/812 811/811
f 748/748 749/749 813/813
f 748/748 813/813 812/812
f 749/749 750/750 814/814
f 749/749 814/814 813/813
f 750/750 751/751 815/815
f 750/750 815/815 814/814
f 751/751 752/752 816/816
f 751/751 816/816 815/815
f 752/752 753/753 817/817
f 752/752 817/817 816/816
f 753/753 754/754 818/818
f 753/753 818/818 817/817
f 754/754 755/755 819/819
f 754/754 819/819 818/818
f 755/755 756/756 820/820
f 755/755 820/820 819/819
f 756/756 757/757 821/821
f 756/756 821/821 820/820
f 757/757 758/758 822/822
f 757/757 822/822 821/821
f 758/758 759/759 823/823
f 758/758 823/823 822/822
f 759/759 760/760 824/824
f 759/759 824/824 823/823
f 760/760 761/761 825/825
f 760/760 825/825 824/824
f 761/761 762/762 826/826
f 761/761 826/826 825/825
f 762/762 763/763 827/827
f 762/762 827/827 826/826
f 763/763 764/764 828/828
f 763/763 828/828 827/827
f 764/764 765/765 829/829
f 764/764 829/829 828/828
f 765/765 766/766 830/830
f 765/765 830/830 829/829
f 766/766 767/767 831/831
f 766/766 831/831 830/830
f 767/767 768/768 832/832
f 767/767 832/832 831/831
f 768/768 769/769 833/833
f 768/768 833/833 832/832
f 769/769 770/770 834/834
f 769/769 834/834 833/833
f 770/770 771/771 835/835
f 770/770 835/835 834/834
f 771/771 772/772 836/836
f 771/771 836/836 835/835
f 772/772 773/773 837/837
f 772/772 837/837 836/836
f 773/773 774/774 838/838
f 773/773 838/838 837/837
f 774/774 775/775 839/839
f 774/774 839/839 838/838
f 775/775 776/776 840/840
f 775/775 840/840 839/839
f 776/776 777/777 841/841
f 776/776 841/841 840/840
f 777/777 778/778 842/842
f 777/777 842/842 841/841
f 778/778 779/779 843/843
f 778/778 843/843 842/842
f 779/779 780/780 844/844
f 779/779 844/844 843/843
f 780/780 781/781 845/845
f 780/780 845/845 844/844
f 781/781 782/782 846/846
f 781/781 846/846 845/845
f 782/782 783/783 847/847
f 782/782 847/847 846/846
f 783/783 784/784 848/848
f 783/783 848/848 847/847
f 784/784 785/785 849/849
f 784/784 849/849 848/848
f 785/785 786/786 850/850
f 785/785 850/850 849/849
f 786/786 787/787 851/851
f 786/786 851/851 850/850
f 787/787 788/788 852/852
f 787/787 852/852 851/851
f 788/788 789/789 853/853
f 788/788 853/853 852/852
f 789/789 790/790 854/854
f 789/789 854/854 853/853
f 790/790 791/791 855/855
f 790/790 855/855 854/854
f 791/791 792/792 856/856
f 791/791 856/856 855/855
f 792/792 793/793 857/857
f 792/792 857/857 856/856
f 793/793 794/794 858/858
f 793/793 858/858 857/857
f 794/794 795/795 859/859
f 794/794 859/859 858/858
f 795/795 796/796 860/860
f 795/795 860/860 859/859
f 796/796 797/797 861/861
f 796/796 861/861 860/860
f 797/797 798/798 862/862
f 797/797 862/862 861/861
f 798/798 799/799 863/863
f 798/798 863/863 862/862
f 799/799 800/800 864/864
f 799/799 864/864 863/863
f 800/800 801/801 865/865
f 800/800 865/865 864/864
f 801/801 802/802 866/866
f 801/801 866/866 865/865
f 802/802 739/739 803/803
f 802/802 803/803 866/866
f 803/803 804/804 868/868
f 803/803 868/868 867/867
f 804/804 805/805 869/869
f 804/804 869/869 868/868
f 805/805 806/806 870/870
f 805/805 870/870 869/869
f 806/806 807/807 871/871
f 806/806 871/871 870/870
f 807/807 808/808 872/872
f 807/807 872/872 871/871
f 808/808 809/809 873/873
f 808/808 873/873 872/872
f 809/809 810/810 874/874
f 809/809 874/874 873/873
f 810/810 811/811 875/875
f 810/810 875/875 874/874
f 811/811 812/812 876/876
f 811/811 876/876 875/875
f 812/812 813/813 877/877
f 812/812 877/877 876/876
f 813/813 814/814 878/878
f 813/813 878/878 877/877
f 814/814 815/815 879/879
f 814/814 879/879 878/878
f 815/815 816/816 880/880
f 815/815 880/880 879/879
f 816/816 817/817 881/881
f 816/816 881/881 880/880
f 817/817 818/818 882/882
f 817/817 882/882 881/881
f 818/818 819/819 883/883
f 818/818 883/883 882/882
f 819/819 820/820 884/884
f 819/819 884/884 883/883
f 820/820 821/821 885/885
f 820/820 885/885 884/884
f 821/821 822/822 886/886
f 821/821 886/886 885/885
f 822/822 823/823 887/887
f 822/822 887/887 886/886
f 823/823 824/824 888/888
f 823/823 888/888 887/887
f 824/824 825/825 889/889
f 824/824 889/889 888/888
f 825/825 826/826 890/890
f 825/825 890/890 889/889
f 826/826 827/827 891/891
f 826/826 891/891 890/890
f 827/827 828/828 892/892
f 827/827 892/892 891/891
f 828/828 829/829 893/893
f 828/828 893/893 892/892
f 829/829 830/830 894/894
f 829/829 894/894 893/893
f 830/830 831/831 895/895
f 830/830 895/895 894/894
f 831/831 832/832 896/896
f 831/831 896/896 895/895
f 832/832 833/833 897/897
f 832/832 897/897 896/896
f 833/833 834/834 898/898
f 833/833 898/898 897/897
f 834/834 835/835 899/899
f 834/834 899/899 898/898
f 835/835 836/836 900/900
f 835/835 900/900 899/899
f 836/836 837/837 901/901
f 836/836 901/901 900/900
f 837/837 838/838 902/902
f 837/837 902/902 901/901
f 838/838 839/839 903/903
f 838/838 903/903 902/902
f 839/839 840/840 904/904
f 839/839 904/904 903/903
f 840/840 841/841 905/905
f 840/840 905/905 904/904
f 841/841 842/842 906/906
f 841/841 906/906 905/905
f 842/842 843/843 907/907
f 842/842 907/907 906/906
f 843/843 844/844 908/908
f 843/843 908/908 907/907
f 844/844 845/845 909/909
f 844/844 909/909 908/908
f 845/845 846/846 910/910
f 845/845 910/910 909/909
f 846/846 847/847 911/911
f 846/846 911/911 910/910
f 847/847 848/848 912/912
f 847/847 912/912 911/911
f 848/848 849/849 913/913
f 848/848 913/913 912/912
f 849/849 850/850 914/914
f 849/849 914/914 913/913
f 850/850 851/851 915/915
f 850/850 915/915 914/914
f 851/851 852/852 916/916
f 851/851 916/916 915/915
f 852/852 853/853 917/917
f 852/852 917/917 916/916
f 853/853 854/854 918/918
f 853/853 918/918 917/917
f 854/854 855/855 919/919
f 854/854 919/919 918/918
f 855/855 856/856 920/920
f 855/855 920/920 919/919
f 856/856 857/857 921/921
f 856/856 921/921 920/920
f 857/857 858/858 922/922
f 857/857 922/922 921/921
f 858/858 859/859 923/923
f 858/858 923/923 922/922
f 859/859 860/860 924/924
f 859/859 924/924 923/923
f 860/860 861/861 925/925
f 860/860 925/925 924/924
f 861/861 862/862 926/926
f 861/861 926/926 925/925
f 862/862 863/863 927/927
f 862/862 927/927 926/926
f 863/863 864/864 928/928
f 863/863 928/928 927/927
f 864/864 865/865 929/929
f 864/864 929/929 928/928
f 865/865 866/866 930/930
f 865/865 930/930 929/929
f 866/866 803/803 867/867
f 866/866 867/867 930/930
f 867/867 868/868 932/932
f 867/867 932/932 931/931
f 868/868 869/869 933/933
f 868/868 933/933 932/932
f 869/869 870/870 934/934
f 869/869 934/934 933/933
f 870/870 871/871 935/935
f 870/870 935/935 934/934
f 871/871 872/872 936/936
f 871/871 936/936 935/935
f 872/872 873/873 937/937
f 872/872 937/937 936/936
f 873/873 874/874 938/938
f 873/873 938/938 937/937
f 874/874 875/875 939/939
f 874/874 939/939 938/938
f 875/875 876/876 940/940
f 875/875 940/940 939/939
f 876/876 877/877 941/941
f 876/876 941/941 940/940
f 877/877 878/878 942/942
f 877/877 942/942 941/941
f 878/878 879/879 943/943
f 878/878 943/943 942/942
f 879/879 880/880 944/944
f 879/879 944/944 943/943
f 880/880 881/881 945/945
f 880/880 945/945 944/944
f 881/881 882/882 946/946
f 881/881 946/946 945/945
f 882/882 883/883 947/947
f 882/882 947/947 946/946
f 883/883 884/884 948/948
f 883/883 948/948 947/947
f 884/884 885/885 949/949
f 884/884 949/949 948/948
f 885/885 886/886 950/950
f 885/885 950/950 949/949
f 886/886 887/887 951/951
f 886/886 951/951 950/950
f 887/887 888/888 952/952
f 887/887 952/952 951/951
f 888/888 889/889 953/953
f 888/888 953/953 952/952
f 889/889 890/890 954/954
f 889/889 954/954 953/953
f 890/890 891/891 955/955
f 890/890 955/955 954/954
f 891/891 892/892 956/956
f 891/891 956/956 955/955
f 892/892 893/893 957/957
f 892/892 957/957 956/956
f 893/893 894/894 958/958
f 893/893 958/958 957/957
f 894/894 895/895 959/959
f 894/894 959/959 958/958
f 895/895 896/896 960/960
f 895/895 960/960 959/959
f 896/896 897/897 961/961
f 896/896 961/961 960/960
f 897/897 898/898 962/962
f 897/897 962/962 961/961
f 898/898 899/899 963/963
f 898/898 963/963 962/962
f 899/899 900/900 964/964
f 899/899 964/964 963/963
f 900/900 901/901 965/965
f 900/900 965/965 964/964
f 901/901 902/902 966/966
f 901/901 966/966 965/965
f 902/902 903/903 967/967
f 902/902 967/967 966/966
f 903/903 904/904 968/968
f 903/903 968/968 967/967
f 904/904 905/905 969/969
f 904/904 969/969 968/968
f 905/905 906/906 970/970
f 905/905 970/970 969/969
f 906/906 907/907 971/971
f 906/906 971/971 970/970
f 907/907 908/908 972/972
f 907/907 972/972 971/971
f 908/908 909/909 973/973
f 908/908 973/973 972/972
f 909/909 910/910 974/974
f 909/909 974/974 973/973
f 910/910 911/911 975/975
f 910/910 975/975 974/974
f 911/911 912/912 976/976
f 911/911 976/976 975/975
f 912/912 913/913 977/977
f 912/912 977/977 976/976
f 913/913 914/914 978/978
f 913/913 978/978 977/977
f 914/914 915/915 979/979
f 914/914 979/979 978/978
f 915/915 916/916 980/980
f 915/915 980/980 979/979
f 916/916 917/917 981/981
f 916/916 981/981 980/980
f 917/917 918/918 982/982
f 917/917 982/982 981/981
f 918/918 919/919 983/983
f 918/918 983/983 982/982
f 919/919 920/920 984/984
f 919/919 984/984 983/983
f 920/920 921/921 985/985
f 920/920 985/985 984/984
f 921/921 922/922 986/986
f 921/921 986/986 985/985
f 922/922 923/923 987/987
f 922/922 987/987 986/986
f 923/923 924/924 988/988
f 923/923 988/988 987/987
f 924/924 925/925 989/989
f 924/924 989/989 988/988
f 925/925 926/926 990/990
f 925/925 990/990 989/989
f 926/926 927/927 991/991
f 926/926 991/991 990/990
f 927/927 928/928 992/992
f 927/927 992/992 991/991
f 928/928 929/929 993/993
f 928/928 993/993 992/992
f 929/929 930/930 994/994
f 929/929 994/994 993/993
f 930/930 867/867 931/931
f 930/930 931/931 994/994
f 931/931 932/932 996/996
f 931/931 996/996 995/995
f 932/932 933/933 997/997
f 932/932 997/997 996/996
f 933/933 934/934 998/998
f 933/933 998/998 997/997
f 934/934 935/935 999/999
f 934/934 999/999 998/998
f 935/935 936/936 1000/1000
f 935/935 1000/1000 999/999
f 936/936 937/937 1001/1001
f 936/936 1001/1001 1000/1000
f 937/937 938/938 1002/1002
f 937/937 1002/1002 1001/1001
f 938/938 939/939 1003/1003
f 938/938 1003/1003 1002/1002
f 939/939 940/940 1004/1004
f 939/939 1004/1004 1003/1003
f 940/940 941/941 1005/1005
f 940/940 1005/1005 1004/1004
f 941/941 942/942 1006/1006
f 941/941 1006/1006 1005/1005
f 942/942 943/943 1007/1007
f 942/942 1007/1007 1006/1006
f 943/943 944/944 1008/1008
f 943/943 1008/1008 1007/1007
f 944/944 945/945 1009/1009
f 944/944 1009/1009 1008/1008
f 945/945 946/946 1010/1010
f 945/945 1010/1010 1009/1009
f 946/946 947/947 1011/1011
f 946/946 1011/1011 1010/1010
f 947/947 948/948 1012/1012
f 947/947 1012/1012 1011/1011
f 948/948 949/949 1013/1013
f 948/948 1013/1013 1012/1012
f 949/949 950/950 1014/1014
f 949/949 1014/1014 1013/1013
f 950/950 951/951 1015/1015
f 950/950 1015/1015 1014/1014
f 951/951 952/952 1016/1016
f 951/951 1016/1016 1015/1015
f 952/952 953/953 1017/1017
f 952/952 1017/1017 1016/1016
f 953/953 954/954 1018/1018
f 953/953 1018/1018 1017/1017
f 954/954 955/955 1019/1019
f 954/954 1019/1019 1018/1018
f 955/955 956/956 1020/1020
f 955/955 1020/1020 1019/1019
f 956/956 957/957 1021/1021
f 956/956 1021/1021 1020/1020
f 957/957 958/958 1022/1022
f 957/957 1022/1022 1021/1021
f 958/958 959/959 1023/1023
f 958/958 1023/1023 1022/1022
f 959/959 960/960 1024/1024
f 959/959 1024/1024 1023/1023
f 960/960 961/961 1025/1025
f 960/960 1025/1025 1024/1024
f 961/961 962/962 1026/1026
f 961/961 1026/1026 1025/1025
f 962/962 963/963 1027/1027
f 962/962 1027/1027 1026/1026
f 963/963 964/964 1028/1028
f 963/963 1028/1028 1027/1027
f 964/964 965/965 1029/1029
f 964/964 1029/1029 1028/1028
f 965/965 966/966 1030/1030
f 965/965 1030/1030 1029/1029
f 966/966 967/967 1031/1031
f 966/966 1031/1031 1030/1030
f 967/967 968/968 1032/1032
f 967/967 1032/1032 1031/1031
f 968/968 969/969 1033/1033
f 968/968 1033/1033 1032/1032
f 969/969 970/970 1034/1034
f 969/969 1034/1034 1033/1033
f 970/970 971/971 1035/1035
f 970/970 1035/1035 1034/1034
f 971/971 972/972 1036/1036
f 971/971 1036/1036 1035/1035
f 972/972 973/973 1037/1037
f 972/972 1037/1037 1036/1036
f 973/973 974/974 1038/1038
f 973/973 1038/1038 1037/1037
f 974/974 975/975 1039/1039
f 974/974 1039/1039 1038/1038
f 975/975 976/976 1040/1040
f 975/975 1040/1040 1039/1039
f 976/976 977/977 1041/1041
f 976/976 1041/1041 1040/1040
f 977/977 978/978 1042/1042
f 977/977 1042/1042 1041/1041
f 978/978 979/979 1043/1043
f 978/978 1043/1043 1042/1042
f 979/979 980/980 1044/1044
f 979/979 1044/1044 1043/1043
f 980/980 981/981 1045/1045
f 980/980 1045/1045 1044/1044
f 981/981 982/982 1046/1046
f 981/981 1046/1046 1045/1045
f 982/982 983/983 1047/1047
f 982/982 1047/1047 1046/1046
f 983/983 984/984 1048/1048
f 983/983 1048/1048 1047/1047
f 984/984 985/985 1049/1049
f 984/984 1049/1049 1048/1048
f 985/985 986/986 1050/1050
f 985/985 1050/1050 1049/1049
f 986/986 987/987 1051/1051
f 986/986 1051/1051 1050/1050
f 987/987 988/988 1052/1052
f 987/987 1052/1052 1051/1051
f 988/988 989/989 1053/1053
f 988/988 1053/1053 1052/1052
f 989/989 990/990 1054/1054
f 989/989 1054/1054 1053/1053
f 990/990 991/991 1055/1055
f 990/990 1055/1055 1054/1054
f 991/991 992/992 1056/1056
f 991/991 1056/1056 1055/1055
f 992/992 993/993 1057/1057
f 992/992 1057/1057 1056/1056
f 993/993 994/994 1058/1058
f 993/993 1058/1058 1057/1057
f 994/994 931/931 995/995
f 994/994 995/995 1058/1058
f 1059/1059 1061/1061 1062/1062
f 1059/1059 1062/1062 1060/1060
f 1123/1123 1061/1061 1059/1059
f 1124/1124 1060/1060 1062/1062
f 1061/1061 1063/1063 1064/1064
f 1061/1061 1064/1064 1062/1062
f 1123/1123 1063/1063 1061/1061
f 1124/1124 1062/1062 1064/1064
f 1063/1063 1065/1065 1066/1066
f 1063/1063 1066/1066 1064/1064
f 1123/1123 1065/1065 1063/1063
f 1124/1124 1064/1064 1066/1066
f 1065/1065 1067/1067 1068/1068
f 1065/1065 1068/1068 1066/1066
f 1123/1123 1067/1067 1065/1065
f 1124/1124 1066/1066 1068/1068
f 1067/1067 1069/1069 1070/1070
f 1067/1067 1070/1070 1068/1068
f 1123/1123 1069/1069 1067/1067
f 1124/1124 1068/1068 1070/1070
f 1069/1069 1071/1071 1072/1072
f 1069/1069 1072/1072 1070/1070
f 1123/1123 1071/1071 1069/1069
f 1124/1124 1070/1070 1072/1072
f 1071/1071 1073/1073 1074/1074
f 1071/1071 1074/1074 1072/1072
f 1123/1123 1073/1073 1071/1071
f 1124/1124 1072/1072 1074/1074
f 1073/1073 1075/1075 1076/1076
f 1073/1073 1076/1076 1074/1074
f 1123/1123 1075/1075 1073/1073
f 1124/1124 1074/1074 1076/1076
f 1075/1075 1077/1077 1078/1078
f 1075/1075 1078/1078 1076/1076
f 1123/1123 1077/1077 1075/1075
f 1124/1124 1076/1076 1078/1078
f 1077/1077 1079/1079 1080/1080
f 1077/1077 1080/1080 1078/1078
f 1123/1123 1079/1079 1077/1077
f 1124/1124 1078/1078 1080/1080
f 1079/1079 1081/1081 1082/1082
f 1079/1079 1082/1082 1080/1080
f 1123/1123 1081/1081 1079/1079
f 1124/1124 1080/1080 1082/1082
f 1081/1081 1083/1083 1084/1084
f 1081/1081 1084/1084 1082/1082
f 1123/1123 1083/1083 1081/1081
f 1124/1124 1082/1082 1084/1084
f 1083/1083 1085/1085 1086/1086
f 1083/1083 1086/1086 1084/1084
f 1123/1123 1085/1085 1083/1083
f 1124/1124 1084/1084 1086/1086
f 1085/1085 1087/1087 1088/1088
f 1085/1085 1088/1088 1086/1086
f 1123/1123 1087/1087 1085/1085
f 1124/1124 1086/1086 1088/1088
f 1087/1087 1089/1089 1090/1090
f 1087/1087 1090/1090 1088/1088
f 1123/1123 1089/1089 1087/1087
f 1124/1124 1088/1088 1090/1090
f 1089/1089 1091/1091 1092/1092
f 1089/1089 1092/1092 1090/1090
f 1123/1123 1091/1091 1089/1089
f 1124/1124 1090/1090 1092/1092
f 1091/1091 1093/1093 1094/1094
f 1091/1091 1094/1094 1092/1092
f 1123/1123 1093/1093 1091/1091
f 1124/1124 1092/1092 1094/1094
f 1093/1093 1095/1095 1096/1096
f 1093/1093 1096/1096 1094/1094
f 1123/1123 1095/1095 1093/1093
f 1124/1124 1094/1094 1096/1096
f 1095/1095 1097/1097 1098/1098
f 1095/1095 1098/1098 1096/1096
f 1123/1123 1097/1097 1095/1095
f 1124/1124 1096/1096 1098/1098
f 1097/1097 1099/1099 1100/1100
f 1097/1097 1100/1100 1098/1098
f 1123/1123 1099/1099 1097/1097
f 1124/1124 1098/1098 1100/1100
f 1099/1099 1101/1101 1102/1102
f 1099/1099 1102/1102 1100/1100
f 1123/1123 1101/1101 1099/1099
f 1124/1124 1100/1100 1102/1102
f 1101/1101 1103/1103 1104/1104
f 1101/1101 1104/1104 1102/1102
f 1123/1123 1103/1103 1101/1101
f 1124/1124 1102/1102 1104/1104
f 1103/1103 1105/1105 1106/1106
f 1103/1103 1106/1106 1104/1104
f 1123/1123 1105/1105 1103/1103
f 1124/1124 1104/1104 1106/1106
f 1105/1105 1107/1107 1108/1108
f 1105/1105 1108/1108 1106/1106
f 1123/1123 1107/1107 1105/1105
f 1124/1124 1106/1106 1108/1108
f 1107/1107 1109/1109 1110/1110
f 1107/1107 1110/1110 1108/1108
f 1123/1123 1109/1109 1107/1107
f 1124/1124 1108/1108 1110/1110
f 1109/1109 1111/1111 1112/1112
f 1109/1109 1112/1112 1110/1110
f 1123/1123 1111/1111 1109/1109
f 1124/1124 1110/1110 1112/1112
f 1111/1111 1113/1113 1114/1114
f 1111/1111 1114/1114 1112/1112
f 1123/1123 1113/1113 1111/1111
f 1124/1124 1112/1112 1114/1114
f 1113/1113 1115/1115 1116/1116
f 1113/1113 1116/1116 1114/1114
f 1123/1123 1115/1115 1113/1113
f 1124/1124 1114/1114 1116/1116
f 1115/1115 1117/1117 1118/1118
f 1115/1115 1118/1118 1116/1116
f 1123/1123 1117/1117 1115/1115
f 1124/1124 1116/1116 1118/1118
f 1117/1117 1119/1119 1120/1120
f 1117/1117 1120/1120 1118/1118
f 1123/1123 1119/1119 1117/1117
f 1124/1124 1118/1118 1120/1120
f 1119/1119 1121/1121 1122/1122
f 1119/1119 1122/1122 1120/1120
f 1123/1123 1121/1121 1119/1119
f 1124/1124 1120/1120 1122/1122
f 1121/1121 1059/1059 1060/1060
f 1121/1121 1060/1060 1122/1122
f 1123/1123 1059/1059 1121/1121
f 1124/1124 1122/1122 1060/1060
f 1125/1125 1127/1127 1128/1128
f 1125/1125 1128/1128 1126/1126
f 1173/1173 1127/1127 1125/1125
f 1174/1174 1126/1126 1128/1128
f 1127/1127 1129/1129 1130/1130
f 1127/1127 1130/1130 1128/1128
f 1173/1173 1129/1129 1127/1127
f 1174/1174 1128/1128 1130/1130
f 1129/1129 1131/1131 1132/1132
f 1129/1129 1132/1132 1130/1130
f 1173/1173 1131/1131 1129/1129
f 1174/1174 1130/1130 1132/1132
f 1131/1131 1133/1133 1134/1134
f 1131/1131 1134/1134 1132/1132
f 1173/1173 1133/1133 1131/1131
f 1174/1174 1132/1132 1134/1134
f 1133/1133 1135/1135 1136/1136
f 1133/1133 1136/1136 1134/1134
f 1173/1173 1135/1135 1133/1133
f 1174/1174 1134/1134 1136/1136
f 1135/1135 1137/1137 1138/1138
f 1135/1135 1138/1138 1136/1136
f 1173/1173 1137/1137 1135/1135
f 1174/1174 1136/1136 1138/1138
f 1137/1137 1139/1139 1140/1140
f 1137/1137 1140/1140 1138/1138
f 1173/1173 1139/1139 1137/1137
f 1174/1174 1138/1138 1140/1140
f 1139/1139 1141/1141 1142/1142
f 1139/1139 1142/1142 1140/1140
f 1173/1173 1141/1141 1139/1139
f 1174/1174 1140/1140 1142/1142
f 1141/1141 1143/1143 1144/1144
f 1141/1141 1144/1144 1142/1142
f 1173/1173 1143/1143 1141/1141
f 1174/1174 1142/1142 1144/1144
f 1143/1143 1145/1145 1146/1146
f 1143/1143 1146/1146 1144/1144
f 1173/1173 1145/1145 1143/1143
f 1174/1174 1144/1144 1146/1146
f 1145/1145 1147/1147 1148/1148
f 1145/1145 1148/1148 1146/1146
f 1173/1173 1147/1147 1145/1145
f 1174/1174 1146/1146 1148/1148
f 1147/1147 1149/1149 1150/1150
f 1147/1147 1150/1150 1148/1148
f 1173/1173 1149/1149 1147/1147
f 1174/1174 1148/1148 1150/1150
f 1149/1149 1151/1151 1152/1152
f 1149/1149 1152/1152 1150/1150
f 1173/1173 1151/1151 1149/1149
f 1174/1174 1150/1150 1152/1152
f 1151/1151 1153/1153 1154/1154
f 1151/1151 1154/1154 1152/1152
f 1173/1173 1153/1153 1151/1151
f 1174/1174 1152/1152 1154/1154
f 1153/1153 1155/1155 1156/1156
f 1153/1153 1156/1156 1154/1154
f 1173/1173 1155/1155 1153/1153
f 1174/1174 1154/1154 1156/1156
f 1155/1155 1157/1157 1158/1158
f 1155/1155 1158/1158 1156/1156
f 1173/1173 1157/1157 1155/1155
f 1174/1174 1156/1156 1158/1158
f 1157/1157 1159/1159 1160/1160
f 1157/1157 1160/1160 1158/1158
f 1173/1173 1159/1159 1157/1157
f 1174/1174 1158/1158 1160/1160
f 1159/1159 1161/1161 1162/1162
f 1159/1159 1162/1162 1160/1160
f 1173/1173 1161/1161 1159/1159
f 1174/1174 1160/1160 1162/1162
f 1161/1161 1163/1163 1164/1164
f 1161/1161 1164/1164 1162/1162
f 1173/1173 1163/1163 1161/1161
f 1174/1174 1162/1162 1164/1164
f 1163/1163 1165/1165 1166/1166
f 1163/1163 1166/1166 1164/1164
f 1173/1173 1165/1165 1163/1163
f 1174/1174 1164/1164 1166/1166
f 1165/1165 1167/1167 1168/1168
f 1165/1165 1168/1168 1166/1166
f 1173/1173 1167/1167 1165/1165
f 1174/1174 1166/1166 1168/1168
f 1167/1167 1169/1169 1170/1170
f 1167/1167 1170/1170 1168/1168
f 1173/1173 1169/1169 1167/1167
f 1174/1174 1168/1168 1170/1170
f 1169/1169 1171/1171 1172/1172
f 1169/1169 1172/1172 1170/1170
f 1173/1173 1171/1171 1169/1169
f 1174/1174 1170/1170 1172/1172
f 1171/1171 1125/1125 1126/1126
f 1171/1171 1126/1126 1172/1172
f 1173/1173 1125/1125 1171/1171
f 1174/1174 1172/1172 1126/1126
f 1175/1175 1177/1177 1178/1178
f 1175/1175 1178/1178 1176/1176
f 1239/1239 1177/1177 1175/1175
f 1240/1240 1176/1176 1178/1178
f 1177/1177 1179/1179 1180/1180
f 1177/1177 1180/1180 1178/1178
f 1239/1239 1179/1179 1177/1177
f 1240/1240 1178/1178 1180/1180
f 1179/1179 1181/1181 1182/1182
f 1179/1179 1182/1182 1180/1180
f 1239/1239 1181/1181 1179/1179
f 1240/1240 1180/1180 1182/1182
f 1181/1181 1183/1183 1184/1184
f 1181/1181 1184/1184 1182/1182
f 1239/1239 1183/1183 1181/1181
f 1240/1240 1182/1182 1184/1184
f 1183/1183 1185/1185 1186/1186
f 1183/1183 1186/1186 1184/1184
f 1239/1239 1185/1185 1183/1183
f 1240/1240 1184/1184 1186/1186
f 1185/1185 1187/1187 1188/1188
f 1185/1185 1188/1188 1186/1186
f 1239/1239 1187/1187 1185/1185
f 1240/1240 1186/1186 1188/1188
f 1187/1187 1189/1189 1190/1190
f 1187/1187 1190/1190 1188/1188
f 1239/1239 1189/1189 1187/1187
f 1240/1240 1188/1188 1190/1190
f 1189/1189 1191/1191 1192/1192
f 1189/1189 1192/1192 1190/1190
f 1239/1239 1191/1191 1189/1189
f 1240/1240 1190/1190 1192/1192
f 1191/1191 1193/1193 1194/1194
f 1191/1191 1194/1194 1192/1192
f 1239/1239 1193/1193 1191/1191
f 1240/1240 1192/1192 1194/1194
f 1193/1193 1195/1195 1196/1196
f 1193/1193 1196/1196 1194/1194
f 1239/1239 1195/1195 1193/1193
f 1240/1240 1194/1194 1196/1196
f 1195/1195 1197/1197 1198/1198
f 1195/1195 1198/1198 1196/1196
f 1239/1239 1197/1197 1195/1195
f 1240/1240 1196/1196 1198/1198
f 1197/1197 1199/1199 1200/1200
f 1197/1197 1200/1200 1198/1198
f 1239/1239 1199/1199 1197/1197
f 1240/1240 1198/1198 1200/1200
f 1199/1199 1201/1201 1202/1202
f 1199/1199 1202/1202 1200/1200
f 1239/1239 1201/1201 1199/1199
f 1240/1240 1200/1200 1202/1202
f 1201/1201 1203/1203 1204/1204
f 1201/1201 1204/1204 1202/1202
f 1239/1239 1203/1203 1201/1201
f 1240/1240 1202/1202 1204/1204
f 1203/1203 1205/1205 1206/1206
f 1203/1203 1206/1206 1204/1204
f 1239/1239 1205/1205 1203/1203
f 1240/1240 1204/1204 1206/1206
f 1205/1205 1207/1207 1208/1208
f 1205/1205 1208/1208 1206/1206
f 1239/1239 1207/1207 1205/1205
f 1240/1240 1206/1206 1208/1208
f 1207/1207 1209/1209 1210/1210
f 1207/1207 1210/1210 1208/1208
f 1239/1239 1209/1209 1207/1207
f 1240/1240 1208/1208 1210/1210
f 1209/1209 1211/1211 1212/1212
f 1209/1209 1212/1212 1210/1210
f 1239/1239 1211/1211 1209/1209
f 1240/1240 1210/1210 1212/1212
f 1211/1211 1213/1213 1214/1214
f 1211/1211 1214/1214 1212/1212
f 1239/1239 1213/1213 1211/1211
f 1240/1240 1212/1212 1214/1214
f 1213/1213 1215/1215 1216/1216
f 1213/1213 1216/1216 1214/1214
f 1239/1239 1215/1215 1213/1213
f 1240/1240 1214/1214 1216/1216
f 1215/1215 1217/1217 1218/1218
f 1215/1215 1218/1218 1216/1216
f 1239/1239 1217/1217 1215/1215
f 1240/1240 1216/1216 1218/1218
f 1217/1217 1219/1219 1220/1220
f 1217/1217 1220/1220 1218/1218
f 1239/1239 1219/1219 1217/1217
f 1240/1240 1218/1218 1220/1220
f 1219/1219 1221/1221 1222/1222
f 1219/1219 1222/1222 1220/1220
f 1239/1239 1221/1221 1219/1219
f 1240/1240 1220/1220 1222/1222
f 1221/1221 1223/1223 1224/1224
f 1221/1221 1224/1224 1222/1222
f 1239/1239 1223/1223 1221/1221
f 1240/1240 1222/1222 1224/1224
f 1223/1223 1225/1225 1226/1226
f 1223/1223 1226/1226 1224/1224
f 1239/1239 1225/1225 1223/1223
f 1240/1240 1224/1224 1226/1226
f 1225/1225 1227/1227 1228/1228
f 1225/1225 1228/1228 1226/1226
f 1239/1239 1227/1227 1225/1225
f 1240/1240 1226/1226 1228/1228
f 1227/1227 1229/1229 1230/1230
f 1227/1227 1230/1230 1228/1228
f 1239/1239 1229/1229 1227/1227
f 1240/1240 1228/1228 1230/1230
f 1229/1229 1231/1231 1232/1232
f 1229/1229 1232/1232 1230/1230
f 1239/1239 1231/1231 1229/1229
f 1240/1240 1230/1230 1232/1232
f 1231/1231 1233/1233 1234/1234
f 1231/1231 1234/1234 1232/1232
f 1239/1239 1233/1233 1231/1231
f 1240/1240 1232/1232 1234/1234
f 1233/1233 1235/1235 1236/1236
f 1233/1233 1236/1236 1234/1234
f 1239/1239 1235/1235 1233/1233
f 1240/1240 1234/1234 1236/1236
f 1235/1235 1237/1237 1238/1238
f 1235/1235 1238/1238 1236/1236
f 1239/1239 1237/1237 1235/1235
f 1240/1240 1236/1236 1238/1238
f 1237/1237 1175/1175 1176/1176
f 1237/1237 1176/1176 1238/1238
f 1239/1239 1175/1175 1237/1237
f 1240/1240 1238/1238 1176/1176
f 1241/1241 1243/1243 1244/1244
f 1241/1241 1244/1244 1242/1242
f 1297/1297 1241/1241 1243/1243
f 1298/1298 1244/1244 1242/1242
f 1243/1243 1245/1245 1246/1246
f 1243/1243 1246/1246 1244/1244
f 1297/1297 1243/1243 1245/1245
f 1298/1298 1246/1246 1244/1244
f 1245/1245 1247/1247 1248/1248
f 1245/1245 1248/1248 1246/1246
f 1297/1297 1245/1245 1247/1247
f 1298/1298 1248/1248 1246/1246
f 1247/1247 1249/1249 1250/1250
f 1247/1247 1250/1250 1248/1248
f 1297/1297 1247/1247 1249/1249
f 1298/1298 1250/1250 1248/1248
f 1249/1249 1251/1251 1252/1252
f 1249/1249 1252/1252 1250/1250
f 1297/1297 1249/1249 1251/1251
f 1298/1298 1252/1252 1250/1250
f 1251/1251 1253/1253 1254/1254
f 1251/1251 1254/1254 1252/1252
f 1297/1297 1251/1251 1253/1253
f 1298/1298 1254/1254 1252/1252
f 1253/1253 1255/1255 1256/1256
f 1253/1253 1256/1256 1254/1254
f 1297/1297 1253/1253 1255/1255
f 1298/1298 1256/1256 1254/1254
f 1255/1255 1257/1257 1258/1258
f 1255/1255 1258/1258 1256/1256
f 1297/1297 1255/1255 1257/1257
f 1298/1298 1258/1258 1256/1256
f 1257/1257 1259/1259 1260/1260
f 1257/1257 1260/1260 1258/1258
f 1297/1297 1257/1257 1259/1259
f 1298/1298 1260/1260 1258/1258
f 1259/1259 1261/1261 1262/1262
f 1259/1259 1262/1262 1260/1260
f 1297/1297 1259/1259 1261/1261
f 1298/1298 1262/1262 1260/1260
f 1261/1261 1263/1263 1264/1264
f 1261/1261 1264/1264 1262/1262
f 1297/1297 1261/1261 1263/1263
f 1298/1298 1264/1264 1262/1262
f 1263/1263 1265/1265 1266/1266
f 1263/1263 1266/1266 1264/1264
f 1297/1297 1263/1263 1265/1265
f 1298/1298 1266/1266 1264/1264
f 1265/1265 1267/1267 1268/1268
f 1265/1265 1268/1268 1266/1266
f 1297/1297 1265/1265 1267/1267
f 1298/1298 1268/1268 1266/1266
f 1267/1267 1269/1269 1270/1270
f 1267/1267 1270/1270 1268/1268
f 1297/1297 1267/1267 1269/1269
f 1298/1298 1270/1270 1268/1268
f 1269/1269 1271/1271 1272/1272
f 1269/1269 1272/1272 1270/1270
f 1297/1297 1269/1269 1271/1271
f 1298/1298 1272/1272 1270/1270
f 1271/1271 1273/1273 1274/1274
f 1271/1271 1274/1274 1272/1272
f 1297/1297 1271/1271 1273/1273
f 1298/1298 1274/1274 1272/1272
f 1273/1273 1275/1275 1276/1276
f 1273/1273 1276/1276 1274/1274
f 1297/1297 1273/1273 1275/1275
f 1298/1298 1276/1276 1274/1274
f 1275/1275 1277/1277 1278/1278
f 1275/1275 1278/1278 1276/1276
f 1297/1297 1275/1275 1277/1277
f 1298/1298 1278/1278 1276/1276
f 1277/1277 1279/1279 1280/1280
f 1277/1277 1280/1280 1278/1278
f 1297/1297 1277/1277 1279/1279
f 1298/1298 1280/1280 1278/1278
f 1279/1279 1281/1281 1282/1282
f 1279/1279 1282/1282 1280/1280
f 1297/1297 1279/1279 1281/1281
f 1298/1298 1282/1282 1280/1280
f 1281/1281 1283/1283 1284/1284
f 1281/1281 1284/1284 1282/1282
f 1297/1297 1281/1281 1283/1283
f 1298/1298 1284/1284 1282/1282
f 1283/1283 1285/1285 1286/1286
f 1283/1283 1286/1286 1284/1284
f 1297/1297 1283/1283 1285/1285
f 1298/1298 1286/1286 1284/1284
f 1285/1285 1287/1287 1288/1288
f 1285/1285 1288/1288 1286/1286
f 1297/1297 1285/1285 1287/1287
f 1298/1298 1288/1288 1286/1286
f 1287/1287 1289/1289 1290/1290
f 1287/1287 1290/1290 1288/1288
f 1297/1297 1287/1287 1289/1289
f 1298/1298 1290/1290 1288/1288
f 1289/1289 1291/1291 1292/1292
f 1289/1289 1292/1292 1290/1290
f 1297/1297 1289/1289 1291/1291
f 1298/1298 1292/1292 1290/1290
f 1291/1291 1293/1293 1294/1294
f 1291/1291 1294/1294 1292/1292
f 1297/1297 1291/1291 1293/1293
f 1298/1298 1294/1294 1292/1292
f 1293/1293 1295/1295 1296/1296
f 1293/1293 1296/1296 1294/1294
f 1297/1297 1293/1293 1295/1295
f 1298/1298 1296/1296 1294/1294
f 1295/1295 1241/1241 1242/1242
f 1295/1295 1242/1242 1296/1296
f 1297/1297 1295/1295 1241/1241
f 1298/1298 1242/1242 1296/1296
f 1299/1299 1301/1301 1302/1302
f 1299/1299 1302/1302 1300/1300
f 1363/1363 1299/1299 1301/1301
f 1364/1364 1302/1302 1300/1300
f 1301/1301 1303/1303 1304/1304
f 1301/1301 1304/1304 1302/1302
f 1363/1363 1301/1301 1303/1303
f 1364/1364 1304/1304 1302/1302
f 1303/1303 1305/1305 1306/1306
f 1303/1303 1306/1306 1304/1304
f 1363/1363 1303/1303 1305/1305
f 1364/1364 1306/1306 1304/1304
f 1305/1305 1307/1307 1308/1308
f 1305/1305 1308/1308 1306/1306
f 1363/1363 1305/1305 1307/1307
f 1364/1364 1308/1308 1306/1306
f 1307/1307 1309/1309 1310/1310
f 1307/1307 1310/1310 1308/1308
f 1363/1363 1307/1307 1309/1309
f 1364/1364 1310/1310 1308/1308
f 1309/1309 1311/1311 1312/1312
f 1309/1309 1312/1312 1310/1310
f 1363/1363 1309/1309 1311/1311
f 1364/1364 1312/1312 1310/1310
f 1311/1311 1313/1313 1314/1314
f 1311/1311 1314/1314 1312/1312
f 1363/1363 1311/1311 1313/1313
f 1364/1364 1314/1314 1312/1312
f 1313/1313 1315/1315 1316/1316
f 1313/1313 1316/1316 1314/1314
f 1363/1363 1313/1313 1315/1315
f 1364/1364 1316/1316 1314/1314
f 1315/1315 1317/1317 1318/1318
f 1315/1315 1318/1318 1316/1316
f 1363/1363 1315/1315 1317/1317
f 1364/1364 1318/1318 1316/1316
f 1317/1317 1319/1319 1320/1320
f 1317/1317 1320/1320 1318/1318
f 1363/1363 1317/1317 1319/1319
f 1364/1364 1320/1320 1318/1318
f 1319/1319 1321/1321 1322/1322
f 1319/1319 1322/1322 1320/1320
f 1363/1363 1319/1319 1321/1321
f 1364/1364 1322/1322 1320/1320
f 1321/1321 1323/1323 1324/1324
f 1321/1321 1324/1324 1322/1322
f 1363/1363 1321/1321 1323/1323
f 1364/1364 1324/1324 1322/1322
f 1323/1323 1325/1325 1326/1326
f 1323/1323 1326/1326 1324/1324
f 1363/1363 1323/1323 1325/1325
f 1364/1364 1326/1326 1324/1324
f 1325/1325 1327/1327 1328/1328
f 1325/1325 1328/1328 1326/1326
f 1363/1363 1325/1325 1327/1327
f 1364/1364 1328/1328 1326/1326
f 1327/1327 1329/1329 1330/1330
f 1327/1327 1330/1330 1328/1328
f 1363/1363 1327/1327 1329/1329
f 1364/1364 1330/1330 1328/1328
f 1329/1329 1331/1331 1332/1332
f 1329/1329 1332/1332 1330/1330
f 1363/1363 1329/1329 1331/1331
f 1364/1364 1332/1332 1330/1330
f 1331/1331 1333/1333 1334/1334
f 1331/1331 1334/1334 1332/1332
f 1363/1363 1331/1331 1333/1333
f 1364/1364 1334/1334 1332/1332
f 1333/1333 1335/1335 1336/1336
f 1333/1333 1336/1336 1334/1334
f 1363/1363 1333/1333 1335/1335
f 1364/1364 1336/1336 1334/1334
f 1335/1335 1337/1337 1338/1338
f 1335/1335 1338/1338 1336/1336
f 1363/1363 1335/1335 1337/1337
f 1364/1364 1338/1338 1336/1336
f 1337/1337 1339/1339 1340/1340
f 1337/1337 1340/1340 1338/1338
f 1363/1363 1337/1337 1339/1339
f 1364/1364 1340/1340 1338/1338
f 1339/1339 1341/1341 1342/1342
f 1339/1339 1342/1342 1340/1340
f 1363/1363 1339/1339 1341/1341
f 1364/1364 1342/1342 1340/1340
f 1341/1341 1343/1343 1344/1344
f 1341/1341 1344/1344 1342/1342
f 1363/1363 1341/1341 1343/1343
f 1364/1364 1344/1344 1342/1342
f 1343/1343 1345/1345 1346/1346
f 1343/1343 1346/1346 1344/1344
f 1363/1363 1343/1343 1345/1345
f 1364/1364 1346/1346 1344/1344
f 1345/1345 1347/1347 1348/1348
f 1345/1345 1348/1348 1346/1346
f 1363/1363 1345/1345 1347/1347
f 1364/1364 1348/1348 1346/1346
f 1347/1347 1349/1349 1350/1350
f 1347/1347 1350/1350 1348/1348
f 1363/1363 1347/1347 1349/1349
f 1364/1364 1350/1350 1348/1348
f 1349/1349 1351/1351 1352/1352
f 1349/1349 1352/1352 1350/1350
f 1363/1363 1349/1349 1351/1351
f 1364/1364 1352/1352 1350/1350
f 1351/1351 1353/1353 1354/1354
f 1351/1351 1354/1354 1352/1352
f 1363/1363 1351/1351 1353/1353
f 1364/1364 1354/1354 1352/1352
f 1353/1353 1355/1355 1356/1356
f 1353/1353 1356/1356 1354/1354
f 1363/1363 1353/1353 1355/1355
f 1364/1364 1356/1356 1354/1354
f 1355/1355 1357/1357 1358/1358
f 1355/1355 1358/1358 1356/1356
f 1363/1363 1355/1355 1357/1357
f 1364/1364 1358/1358 1356/1356
f 1357/1357 1359/1359 1360/1360
f 1357/1357 1360/1360 1358/1358
f 1363/1363 1357/1357 1359/1359
f 1364/1364 1360/1360 1358/1358
f 1359/1359 1361/1361 1362/1362
f 1359/1359 1362/1362 1360/1360
f 1363/1363 1359/1359 1361/1361
f 1364/1364 1362/1362 1360/1360
f 1361/1361 1299/1299 1300/1300
f 1361/1361 1300/1300 1362/1362
f 1363/1363 1361/1361 1299/1299
f 1364/1364 1300/1300 1362/1362
